record_number,epoch_number,label
H1,0,0
H1,1,0
H1,2,0
H1,3,0
H1,4,0
H1,5,0
H1,6,1
H1,7,0
H1,8,0
H1,9,0
H1,10,0
H1,11,0
H1,12,0
H1,13,0
H1,14,0
H1,15,0
H1,16,0
H1,17,0
H1,18,0
H1,19,0
H1,20,0
H1,21,0
H1,22,0
H1,23,0
H1,24,0
H1,25,0
H1,26,0
H1,27,0
H1,28,0
H1,29,0
H1,30,0
H1,31,0
H1,32,0
H1,33,0
H1,34,0
H1,35,0
H1,36,0
H1,37,0
H1,38,0
H1,39,0
H1,40,0
H1,41,0
H1,42,0
H1,43,0
H1,44,0
H1,45,0
H1,46,0
H1,47,1
H1,48,0
H1,49,0
H1,50,0
H1,51,0
H1,52,0
H1,53,0
H1,54,0
H1,55,0
H1,56,0
H1,57,0
H1,58,0
H1,59,4
H1,60,1
H1,61,4
H1,62,0
H1,63,0
H1,64,0
H1,65,0
H1,66,0
H1,67,4
H1,68,0
H1,69,0
H1,70,4
H1,71,0
H1,72,4
H1,73,4
H1,74,4
H1,75,4
H1,76,0
H1,77,0
H1,78,4
H1,79,0
H1,80,4
H1,81,4
H1,82,4
H1,83,2
H1,84,0
H1,85,1
H1,86,0
H1,87,1
H1,88,1
H1,89,2
H1,90,2
H1,91,2
H1,92,2
H1,93,2
H1,94,2
H1,95,2
H1,96,2
H1,97,2
H1,98,2
H1,99,2
H1,100,2
H1,101,2
H1,102,3
H1,103,3
H1,104,2
H1,105,2
H1,106,3
H1,107,2
H1,108,2
H1,109,3
H1,110,3
H1,111,3
H1,112,3
H1,113,3
H1,114,3
H1,115,3
H1,116,3
H1,117,3
H1,118,3
H1,119,3
H1,120,3
H1,121,3
H1,122,3
H1,123,3
H1,124,3
H1,125,3
H1,126,3
H1,127,3
H1,128,3
H1,129,3
H1,130,3
H1,131,3
H1,132,3
H1,133,3
H1,134,3
H1,135,3
H1,136,3
H1,137,3
H1,138,3
H1,139,0
H1,140,2
H1,141,2
H1,142,2
H1,143,2
H1,144,2
H1,145,3
H1,146,3
H1,147,3
H1,148,3
H1,149,3
H1,150,3
H1,151,3
H1,152,3
H1,153,3
H1,154,3
H1,155,3
H1,156,0
H1,157,3
H1,158,3
H1,159,3
H1,160,2
H1,161,3
H1,162,3
H1,163,3
H1,164,3
H1,165,3
H1,166,3
H1,167,3
H1,168,3
H1,169,3
H1,170,3
H1,171,3
H1,172,3
H1,173,3
H1,174,3
H1,175,3
H1,176,3
H1,177,3
H1,178,3
H1,179,3
H1,180,3
H1,181,3
H1,182,3
H1,183,3
H1,184,3
H1,185,3
H1,186,2
H1,187,1
H1,188,2
H1,189,3
H1,190,3
H1,191,3
H1,192,3
H1,193,3
H1,194,3
H1,195,3
H1,196,3
H1,197,0
H1,198,2
H1,199,3
H1,200,2
H1,201,2
H1,202,2
H1,203,3
H1,204,3
H1,205,2
H1,206,3
H1,207,3
H1,208,3
H1,209,3
H1,210,3
H1,211,3
H1,212,3
H1,213,3
H1,214,3
H1,215,3
H1,216,3
H1,217,2
H1,218,3
H1,219,1
H1,220,2
H1,221,0
H1,222,2
H1,223,1
H1,224,2
H1,225,2
H1,226,1
H1,227,2
H1,228,2
H1,229,2
H1,230,2
H1,231,2
H1,232,1
H1,233,2
H1,234,1
H1,235,1
H1,236,2
H1,237,1
H1,238,2
H1,239,2
H1,240,1
H1,241,1
H1,242,2
H1,243,2
H1,244,2
H1,245,2
H1,246,2
H1,247,2
H1,248,3
H1,249,2
H1,250,2
H1,251,2
H1,252,2
H1,253,2
H1,254,2
H1,255,2
H1,256,2
H1,257,2
H1,258,2
H1,259,2
H1,260,3
H1,261,2
H1,262,2
H1,263,3
H1,264,3
H1,265,3
H1,266,3
H1,267,3
H1,268,2
H1,269,2
H1,270,3
H1,271,2
H1,272,3
H1,273,3
H1,274,3
H1,275,3
H1,276,3
H1,277,3
H1,278,3
H1,279,3
H1,280,3
H1,281,3
H1,282,3
H1,283,3
H1,284,3
H1,285,3
H1,286,3
H1,287,3
H1,288,3
H1,289,3
H1,290,1
H1,291,2
H1,292,3
H1,293,2
H1,294,0
H1,295,3
H1,296,3
H1,297,2
H1,298,2
H1,299,2
H1,300,2
H1,301,2
H1,302,2
H1,303,2
H1,304,2
H1,305,3
H1,306,2
H1,307,2
H1,308,2
H1,309,2
H1,310,2
H1,311,2
H1,312,4
H1,313,2
H1,314,2
H1,315,2
H1,316,2
H1,317,2
H1,318,2
H1,319,2
H1,320,2
H1,321,2
H1,322,2
H1,323,2
H1,324,2
H1,325,2
H1,326,2
H1,327,2
H1,328,2
H1,329,1
H1,330,2
H1,331,1
H1,332,2
H1,333,2
H1,334,2
H1,335,2
H1,336,2
H1,337,2
H1,338,2
H1,339,3
H1,340,2
H1,341,2
H1,342,2
H1,343,2
H1,344,2
H1,345,2
H1,346,1
H1,347,2
H1,348,2
H1,349,2
H1,350,2
H1,351,1
H1,352,2
H1,353,2
H1,354,2
H1,355,2
H1,356,2
H1,357,2
H1,358,2
H1,359,1
H1,360,1
H1,361,0
H1,362,0
H1,363,0
H1,364,0
H1,365,0
H1,366,0
H1,367,0
H1,368,0
H1,369,0
H1,370,0
H1,371,0
H1,372,0
H1,373,0
H1,374,0
H1,375,0
H1,376,0
H1,377,0
H1,378,1
H1,379,0
H1,380,0
H1,381,0
H1,382,0
H1,383,0
H1,384,0
H1,385,0
H1,386,4
H1,387,4
H1,388,4
H1,389,2
H1,390,2
H1,391,2
H1,392,4
H1,393,2
H1,394,2
H1,395,2
H1,396,4
H1,397,2
H1,398,2
H1,399,2
H1,400,4
H1,401,4
H1,402,4
H1,403,4
H1,404,4
H1,405,4
H1,406,4
H1,407,4
H1,408,4
H1,409,4
H1,410,4
H1,411,4
H1,412,4
H1,413,4
H1,414,4
H1,415,4
H1,416,4
H1,417,4
H1,418,4
H1,419,4
H1,420,4
H1,421,4
H1,422,4
H1,423,2
H1,424,4
H1,425,4
H1,426,4
H1,427,4
H1,428,4
H1,429,4
H1,430,1
H1,431,4
H1,432,1
H1,433,2
H1,434,2
H1,435,2
H1,436,2
H1,437,4
H1,438,2
H1,439,2
H1,440,2
H1,441,2
H1,442,2
H1,443,2
H1,444,2
H1,445,2
H1,446,2
H1,447,2
H1,448,2
H1,449,2
H1,450,2
H1,451,2
H1,452,2
H1,453,2
H1,454,2
H1,455,2
H1,456,3
H1,457,2
H1,458,3
H1,459,3
H1,460,2
H1,461,3
H1,462,2
H1,463,3
H1,464,3
H1,465,3
H1,466,2
H1,467,3
H1,468,3
H1,469,2
H1,470,3
H1,471,3
H1,472,3
H1,473,3
H1,474,3
H1,475,3
H1,476,3
H1,477,3
H1,478,3
H1,479,3
H1,480,3
H1,481,3
H1,482,3
H1,483,3
H1,484,3
H1,485,3
H1,486,3
H1,487,3
H1,488,3
H1,489,3
H1,490,3
H1,491,3
H1,492,3
H1,493,3
H1,494,3
H1,495,3
H1,496,3
H1,497,3
H1,498,3
H1,499,3
H1,500,3
H1,501,3
H1,502,3
H1,503,3
H1,504,0
H1,505,0
H1,506,2
H1,507,3
H1,508,2
H1,509,4
H1,510,2
H1,511,2
H1,512,3
H1,513,2
H1,514,2
H1,515,2
H1,516,2
H1,517,2
H1,518,2
H1,519,3
H1,520,2
H1,521,2
H1,522,2
H1,523,2
H1,524,2
H1,525,3
H1,526,3
H1,527,3
H1,528,2
H1,529,2
H1,530,3
H1,531,3
H1,532,3
H1,533,3
H1,534,2
H1,535,3
H1,536,3
H1,537,3
H1,538,3
H1,539,3
H1,540,3
H1,541,3
H1,542,1
H1,543,1
H1,544,2
H1,545,2
H1,546,2
H1,547,0
H1,548,2
H1,549,2
H1,550,2
H1,551,2
H1,552,2
H1,553,2
H1,554,2
H1,555,2
H1,556,2
H1,557,2
H1,558,2
H1,559,2
H1,560,2
H1,561,2
H1,562,2
H1,563,2
H1,564,2
H1,565,3
H1,566,3
H1,567,3
H1,568,3
H1,569,3
H1,570,3
H1,571,2
H1,572,3
H1,573,3
H1,574,2
H1,575,3
H1,576,3
H1,577,2
H1,578,3
H1,579,3
H1,580,2
H1,581,2
H1,582,3
H1,583,3
H1,584,3
H1,585,3
H1,586,2
H1,587,2
H1,588,3
H1,589,3
H1,590,3
H1,591,2
H1,592,2
H1,593,3
H1,594,2
H1,595,3
H1,596,3
H1,597,3
H1,598,3
H1,599,3
H1,600,3
H1,601,2
H1,602,3
H1,603,3
H1,604,3
H1,605,3
H1,606,3
H1,607,2
H1,608,2
H1,609,3
H1,610,3
H1,611,3
H1,612,2
H1,613,2
H1,614,3
H1,615,2
H1,616,2
H1,617,3
H1,618,3
H1,619,2
H1,620,4
H1,621,2
H1,622,4
H1,623,4
H1,624,4
H1,625,4
H1,626,4
H1,627,4
H1,628,4
H1,629,4
H1,630,4
H1,631,4
H1,632,4
H1,633,4
H1,634,4
H1,635,4
H1,636,4
H1,637,4
H1,638,4
H1,639,4
H1,640,4
H1,641,4
H1,642,4
H1,643,4
H1,644,4
H1,645,4
H1,646,4
H1,647,4
H1,648,4
H1,649,4
H1,650,4
H1,651,4
H1,652,4
H1,653,4
H1,654,4
H1,655,4
H1,656,4
H1,657,4
H1,658,4
H1,659,1
H1,660,4
H1,661,4
H1,662,4
H1,663,4
H1,664,4
H1,665,4
H1,666,1
H1,667,4
H1,668,4
H1,669,2
H1,670,4
H1,671,4
H1,672,4
H1,673,4
H1,674,1
H1,675,1
H1,676,4
H1,677,1
H1,678,1
H1,679,0
H1,680,0
H1,681,0
H1,682,0
H1,683,0
H1,684,0
H1,685,0
H1,686,0
H1,687,0
H1,688,0
H1,689,1
H1,690,0
H1,691,4
H1,692,4
H1,693,2
H1,694,2
H1,695,4
H1,696,2
H1,697,1
H1,698,2
H1,699,2
H1,700,2
H1,701,2
H1,702,2
H1,703,2
H1,704,2
H1,705,2
H1,706,2
H1,707,2
H1,708,2
H1,709,2
H1,710,2
H1,711,2
H1,712,2
H1,713,2
H1,714,2
H1,715,1
H1,716,2
H1,717,2
H1,718,2
H1,719,2
H1,720,2
H1,721,2
H1,722,2
H1,723,2
H1,724,2
H1,725,2
H1,726,2
H1,727,2
H1,728,2
H1,729,2
H1,730,2
H1,731,2
H1,732,2
H1,733,2
H1,734,2
H1,735,2
H1,736,2
H1,737,2
H1,738,2
H1,739,2
H1,740,2
H1,741,2
H1,742,2
H1,743,2
H1,744,2
H1,745,2
H1,746,2
H1,747,2
H1,748,2
H1,749,2
H1,750,2
H1,751,2
H1,752,2
H1,753,2
H1,754,2
H1,755,2
H1,756,3
H1,757,2
H1,758,2
H1,759,2
H1,760,2
H1,761,2
H1,762,2
H1,763,2
H1,764,2
H1,765,2
H1,766,2
H1,767,2
H1,768,2
H1,769,3
H1,770,2
H1,771,3
H1,772,1
H1,773,2
H1,774,2
H1,775,3
H1,776,2
H1,777,2
H1,778,4
H1,779,2
H1,780,2
H1,781,4
H1,782,4
H1,783,4
H1,784,4
H1,785,4
H1,786,4
H1,787,4
H1,788,4
H1,789,4
H1,790,2
H1,791,4
H1,792,4
H1,793,4
H1,794,4
H1,795,4
H1,796,4
H1,797,4
H1,798,4
H1,799,4
H1,800,4
H1,801,4
H1,802,4
H1,803,4
H1,804,4
H1,805,4
H1,806,4
H1,807,4
H1,808,4
H1,809,4
H1,810,4
H1,811,1
H1,812,4
H1,813,4
H1,814,4
H1,815,4
H1,816,4
H1,817,4
H1,818,1
H1,819,4
H1,820,1
H1,821,4
H1,822,4
H1,823,4
H1,824,4
H1,825,4
H1,826,4
H1,827,4
H1,828,4
H1,829,4
H1,830,4
H1,831,4
H1,832,4
H1,833,4
H1,834,4
H1,835,4
H1,836,4
H1,837,4
H1,838,4
H1,839,4
H1,840,4
H1,841,4
H1,842,0
H1,843,1
H1,844,4
H1,845,0
H1,846,4
H1,847,4
H1,848,4
H1,849,4
H1,850,1
H1,851,1
H1,852,4
H1,853,1
H1,854,2
H1,855,1
H1,856,4
H1,857,2
H1,858,4
H1,859,2
H1,860,1
H1,861,2
H1,862,4
H1,863,2
H1,864,4
H1,865,1
H1,866,4
H1,867,4
H1,868,2
H1,869,4
H1,870,2
H1,871,2
H1,872,2
H1,873,2
H1,874,2
H1,875,2
H1,876,2
H1,877,2
H1,878,2
H1,879,2
H1,880,4
H1,881,1
H1,882,2
H1,883,0
H1,884,2
H1,885,4
H1,886,2
H1,887,4
H1,888,2
H1,889,2
H1,890,2
H1,891,2
H1,892,4
H1,893,2
H1,894,2
H1,895,2
H1,896,2
H1,897,2
H1,898,2
H1,899,2
H1,900,2
H1,901,2
H1,902,4
H1,903,2
H1,904,2
H1,905,2
H1,906,2
H1,907,2
H1,908,2
H1,909,2
H1,910,2
H1,911,2
H1,912,2
H1,913,4
H1,914,2
H1,915,2
H1,916,2
H1,917,2
H1,918,2
H1,919,2
H1,920,2
H1,921,3
H1,922,2
H1,923,2
H1,924,2
H1,925,2
H1,926,2
H1,927,1
H1,928,2
H1,929,2
H1,930,2
H1,931,2
H1,932,2
H1,933,2
H1,934,2
H1,935,2
H1,936,4
H1,937,2
H1,938,2
H1,939,2
H1,940,2
H1,941,2
H1,942,2
H1,943,2
H1,944,2
H1,945,4
H1,946,0
H1,947,4
H1,948,1
H1,949,4
H1,950,2
H1,951,4
H1,952,4
H1,953,4
H1,954,4
H1,955,0
H1,956,4
H1,957,4
H1,958,4
H1,959,1
H1,960,4
H1,961,4
H1,962,4
H1,963,4
H1,964,4
H1,965,4
H1,966,4
H1,967,4
H1,968,4
H1,969,1
H1,970,4
H1,971,1
H1,972,0
H1,973,4
H1,974,0
H1,975,1
H1,976,0
H1,977,1
H1,978,0
H1,979,0
H1,980,1
H1,981,1
H1,982,1
H1,983,0
H1,984,1
H1,985,0
H1,986,1
H1,987,4
H1,988,1
H1,989,1
H1,990,1
H1,991,1
H1,992,4
H1,993,1
H1,994,1
H1,995,1
H1,996,1
H1,997,1
H1,998,1
H1,999,0
H1,1000,1
H1,1001,1
H1,1002,1
H1,1003,1
H1,1004,1
H1,1005,1
H1,1006,1
H1,1007,0
H1,1008,1
H1,1009,0
H1,1010,1
H1,1011,1
H1,1012,0
H1,1013,1
H1,1014,1
H1,1015,1
H1,1016,1
H1,1017,1
H10,0,0
H10,1,0
H10,2,0
H10,3,0
H10,4,0
H10,5,0
H10,6,0
H10,7,0
H10,8,0
H10,9,0
H10,10,0
H10,11,0
H10,12,0
H10,13,0
H10,14,0
H10,15,0
H10,16,0
H10,17,0
H10,18,0
H10,19,0
H10,20,0
H10,21,0
H10,22,0
H10,23,0
H10,24,0
H10,25,0
H10,26,0
H10,27,0
H10,28,0
H10,29,0
H10,30,0
H10,31,0
H10,32,0
H10,33,0
H10,34,0
H10,35,0
H10,36,0
H10,37,0
H10,38,0
H10,39,0
H10,40,0
H10,41,0
H10,42,0
H10,43,0
H10,44,0
H10,45,0
H10,46,0
H10,47,0
H10,48,0
H10,49,0
H10,50,1
H10,51,0
H10,52,1
H10,53,2
H10,54,3
H10,55,0
H10,56,0
H10,57,0
H10,58,1
H10,59,4
H10,60,0
H10,61,4
H10,62,2
H10,63,1
H10,64,2
H10,65,2
H10,66,2
H10,67,4
H10,68,2
H10,69,0
H10,70,0
H10,71,0
H10,72,0
H10,73,0
H10,74,0
H10,75,0
H10,76,0
H10,77,0
H10,78,0
H10,79,0
H10,80,1
H10,81,0
H10,82,0
H10,83,0
H10,84,0
H10,85,0
H10,86,0
H10,87,0
H10,88,0
H10,89,0
H10,90,0
H10,91,0
H10,92,0
H10,93,0
H10,94,0
H10,95,0
H10,96,0
H10,97,0
H10,98,0
H10,99,0
H10,100,0
H10,101,0
H10,102,0
H10,103,0
H10,104,0
H10,105,0
H10,106,0
H10,107,0
H10,108,0
H10,109,0
H10,110,0
H10,111,0
H10,112,0
H10,113,0
H10,114,0
H10,115,0
H10,116,0
H10,117,0
H10,118,0
H10,119,0
H10,120,0
H10,121,0
H10,122,0
H10,123,1
H10,124,0
H10,125,0
H10,126,0
H10,127,0
H10,128,0
H10,129,0
H10,130,0
H10,131,0
H10,132,0
H10,133,0
H10,134,0
H10,135,0
H10,136,0
H10,137,0
H10,138,0
H10,139,0
H10,140,0
H10,141,0
H10,142,0
H10,143,0
H10,144,0
H10,145,0
H10,146,0
H10,147,0
H10,148,0
H10,149,0
H10,150,0
H10,151,0
H10,152,0
H10,153,0
H10,154,0
H10,155,0
H10,156,0
H10,157,0
H10,158,0
H10,159,0
H10,160,0
H10,161,0
H10,162,0
H10,163,0
H10,164,0
H10,165,0
H10,166,0
H10,167,0
H10,168,0
H10,169,0
H10,170,0
H10,171,0
H10,172,0
H10,173,1
H10,174,0
H10,175,0
H10,176,0
H10,177,0
H10,178,0
H10,179,0
H10,180,0
H10,181,0
H10,182,0
H10,183,0
H10,184,0
H10,185,0
H10,186,0
H10,187,0
H10,188,0
H10,189,0
H10,190,0
H10,191,0
H10,192,0
H10,193,0
H10,194,0
H10,195,0
H10,196,0
H10,197,0
H10,198,0
H10,199,0
H10,200,0
H10,201,0
H10,202,0
H10,203,0
H10,204,0
H10,205,0
H10,206,0
H10,207,0
H10,208,0
H10,209,0
H10,210,0
H10,211,1
H10,212,0
H10,213,4
H10,214,4
H10,215,3
H10,216,4
H10,217,3
H10,218,3
H10,219,2
H10,220,4
H10,221,2
H10,222,2
H10,223,2
H10,224,3
H10,225,0
H10,226,0
H10,227,0
H10,228,0
H10,229,0
H10,230,0
H10,231,0
H10,232,0
H10,233,4
H10,234,2
H10,235,1
H10,236,3
H10,237,3
H10,238,2
H10,239,2
H10,240,0
H10,241,0
H10,242,0
H10,243,3
H10,244,2
H10,245,3
H10,246,0
H10,247,3
H10,248,2
H10,249,3
H10,250,2
H10,251,3
H10,252,2
H10,253,3
H10,254,0
H10,255,3
H10,256,2
H10,257,3
H10,258,2
H10,259,3
H10,260,2
H10,261,2
H10,262,3
H10,263,3
H10,264,4
H10,265,2
H10,266,3
H10,267,3
H10,268,3
H10,269,3
H10,270,3
H10,271,3
H10,272,3
H10,273,3
H10,274,3
H10,275,3
H10,276,3
H10,277,3
H10,278,3
H10,279,3
H10,280,3
H10,281,3
H10,282,3
H10,283,0
H10,284,1
H10,285,0
H10,286,0
H10,287,0
H10,288,0
H10,289,2
H10,290,2
H10,291,3
H10,292,3
H10,293,2
H10,294,2
H10,295,3
H10,296,3
H10,297,0
H10,298,3
H10,299,2
H10,300,3
H10,301,2
H10,302,2
H10,303,3
H10,304,1
H10,305,3
H10,306,3
H10,307,0
H10,308,3
H10,309,0
H10,310,3
H10,311,0
H10,312,0
H10,313,2
H10,314,2
H10,315,0
H10,316,0
H10,317,4
H10,318,0
H10,319,0
H10,320,2
H10,321,0
H10,322,0
H10,323,0
H10,324,4
H10,325,2
H10,326,0
H10,327,1
H10,328,0
H10,329,0
H10,330,0
H10,331,0
H10,332,0
H10,333,0
H10,334,0
H10,335,2
H10,336,2
H10,337,2
H10,338,2
H10,339,2
H10,340,2
H10,341,2
H10,342,0
H10,343,2
H10,344,0
H10,345,0
H10,346,0
H10,347,0
H10,348,0
H10,349,0
H10,350,0
H10,351,4
H10,352,0
H10,353,4
H10,354,2
H10,355,2
H10,356,4
H10,357,2
H10,358,4
H10,359,1
H10,360,4
H10,361,2
H10,362,2
H10,363,2
H10,364,2
H10,365,2
H10,366,2
H10,367,3
H10,368,3
H10,369,3
H10,370,2
H10,371,3
H10,372,3
H10,373,0
H10,374,4
H10,375,2
H10,376,2
H10,377,0
H10,378,2
H10,379,4
H10,380,2
H10,381,0
H10,382,0
H10,383,0
H10,384,0
H10,385,0
H10,386,0
H10,387,2
H10,388,0
H10,389,0
H10,390,4
H10,391,2
H10,392,0
H10,393,2
H10,394,1
H10,395,0
H10,396,0
H10,397,0
H10,398,2
H10,399,0
H10,400,0
H10,401,0
H10,402,0
H10,403,0
H10,404,0
H10,405,2
H10,406,2
H10,407,2
H10,408,2
H10,409,2
H10,410,2
H10,411,2
H10,412,2
H10,413,3
H10,414,2
H10,415,2
H10,416,2
H10,417,2
H10,418,3
H10,419,2
H10,420,3
H10,421,2
H10,422,2
H10,423,3
H10,424,3
H10,425,2
H10,426,4
H10,427,1
H10,428,2
H10,429,3
H10,430,4
H10,431,3
H10,432,3
H10,433,3
H10,434,3
H10,435,3
H10,436,3
H10,437,3
H10,438,3
H10,439,3
H10,440,3
H10,441,3
H10,442,3
H10,443,3
H10,444,3
H10,445,0
H10,446,3
H10,447,3
H10,448,2
H10,449,3
H10,450,3
H10,451,3
H10,452,3
H10,453,3
H10,454,3
H10,455,3
H10,456,3
H10,457,3
H10,458,3
H10,459,3
H10,460,0
H10,461,3
H10,462,2
H10,463,3
H10,464,3
H10,465,2
H10,466,0
H10,467,0
H10,468,0
H10,469,2
H10,470,2
H10,471,0
H10,472,2
H10,473,2
H10,474,2
H10,475,3
H10,476,3
H10,477,2
H10,478,2
H10,479,2
H10,480,3
H10,481,2
H10,482,2
H10,483,2
H10,484,0
H10,485,0
H10,486,0
H10,487,2
H10,488,2
H10,489,2
H10,490,0
H10,491,2
H10,492,3
H10,493,2
H10,494,2
H10,495,2
H10,496,2
H10,497,0
H10,498,0
H10,499,0
H10,500,0
H10,501,0
H10,502,0
H10,503,3
H10,504,3
H10,505,3
H10,506,2
H10,507,2
H10,508,0
H10,509,3
H10,510,2
H10,511,2
H10,512,2
H10,513,0
H10,514,2
H10,515,2
H10,516,2
H10,517,2
H10,518,2
H10,519,2
H10,520,3
H10,521,2
H10,522,4
H10,523,0
H10,524,4
H10,525,4
H10,526,4
H10,527,2
H10,528,2
H10,529,0
H10,530,3
H10,531,2
H10,532,4
H10,533,3
H10,534,2
H10,535,3
H10,536,2
H10,537,4
H10,538,2
H10,539,0
H10,540,0
H10,541,2
H10,542,2
H10,543,0
H10,544,2
H10,545,2
H10,546,0
H10,547,0
H10,548,0
H10,549,0
H10,550,0
H10,551,0
H10,552,0
H10,553,4
H10,554,2
H10,555,2
H10,556,2
H10,557,2
H10,558,2
H10,559,2
H10,560,0
H10,561,2
H10,562,3
H10,563,2
H10,564,2
H10,565,3
H10,566,2
H10,567,2
H10,568,2
H10,569,3
H10,570,2
H10,571,2
H10,572,3
H10,573,0
H10,574,0
H10,575,2
H10,576,4
H10,577,2
H10,578,0
H10,579,4
H10,580,2
H10,581,4
H10,582,4
H10,583,4
H10,584,2
H10,585,2
H10,586,4
H10,587,0
H10,588,4
H10,589,4
H10,590,4
H10,591,0
H10,592,2
H10,593,4
H10,594,4
H10,595,4
H10,596,4
H10,597,4
H10,598,4
H10,599,4
H10,600,4
H10,601,4
H10,602,2
H10,603,4
H10,604,4
H10,605,4
H10,606,4
H10,607,2
H10,608,4
H10,609,4
H10,610,0
H10,611,0
H10,612,4
H10,613,2
H10,614,2
H10,615,2
H10,616,2
H10,617,4
H10,618,4
H10,619,0
H10,620,4
H10,621,0
H10,622,2
H10,623,4
H10,624,4
H10,625,4
H10,626,4
H10,627,0
H10,628,4
H10,629,4
H10,630,4
H10,631,0
H10,632,4
H10,633,4
H10,634,4
H10,635,4
H10,636,4
H10,637,4
H10,638,0
H10,639,0
H10,640,0
H10,641,4
H10,642,2
H10,643,0
H10,644,0
H10,645,2
H10,646,0
H10,647,0
H10,648,2
H10,649,2
H10,650,0
H10,651,0
H10,652,2
H10,653,0
H10,654,0
H10,655,0
H10,656,0
H10,657,2
H10,658,1
H10,659,2
H10,660,2
H10,661,2
H10,662,1
H10,663,0
H10,664,0
H10,665,2
H10,666,2
H10,667,2
H10,668,1
H10,669,2
H10,670,2
H10,671,0
H10,672,0
H10,673,0
H10,674,0
H10,675,0
H10,676,0
H10,677,2
H10,678,0
H10,679,2
H10,680,0
H10,681,2
H10,682,2
H10,683,2
H10,684,0
H10,685,2
H10,686,2
H10,687,1
H10,688,2
H10,689,0
H10,690,4
H10,691,1
H10,692,0
H10,693,0
H10,694,0
H10,695,2
H10,696,2
H10,697,0
H10,698,0
H10,699,2
H10,700,0
H10,701,2
H10,702,0
H10,703,2
H10,704,0
H10,705,0
H10,706,0
H10,707,0
H10,708,0
H10,709,0
H10,710,2
H10,711,0
H10,712,0
H10,713,0
H10,714,0
H10,715,0
H10,716,0
H10,717,0
H10,718,0
H10,719,0
H10,720,0
H10,721,2
H10,722,0
H10,723,0
H10,724,0
H10,725,0
H10,726,0
H10,727,0
H10,728,0
H10,729,0
H10,730,0
H10,731,0
H10,732,0
H10,733,0
H10,734,0
H10,735,0
H10,736,0
H10,737,0
H10,738,0
H10,739,0
H10,740,0
H10,741,0
H10,742,0
H10,743,0
H10,744,0
H10,745,0
H10,746,0
H10,747,0
H10,748,0
H10,749,0
H10,750,0
H10,751,0
H10,752,0
H10,753,0
H10,754,0
H10,755,0
H10,756,2
H10,757,3
H10,758,2
H10,759,2
H10,760,3
H10,761,2
H10,762,2
H10,763,3
H10,764,3
H10,765,2
H10,766,3
H10,767,4
H10,768,2
H10,769,2
H10,770,4
H10,771,4
H10,772,4
H10,773,4
H10,774,4
H10,775,4
H10,776,4
H10,777,2
H10,778,2
H10,779,4
H10,780,4
H10,781,2
H10,782,2
H10,783,4
H10,784,2
H10,785,2
H10,786,4
H10,787,4
H10,788,4
H10,789,2
H10,790,2
H10,791,4
H10,792,4
H10,793,4
H10,794,4
H10,795,0
H10,796,2
H10,797,2
H10,798,2
H10,799,0
H10,800,4
H10,801,2
H10,802,4
H10,803,2
H10,804,2
H10,805,2
H10,806,2
H10,807,4
H10,808,0
H10,809,0
H10,810,0
H10,811,4
H10,812,2
H10,813,2
H10,814,2
H10,815,4
H10,816,4
H10,817,2
H10,818,2
H10,819,4
H10,820,2
H10,821,4
H10,822,2
H10,823,4
H10,824,0
H10,825,2
H10,826,4
H10,827,4
H10,828,2
H10,829,2
H10,830,2
H10,831,2
H10,832,0
H10,833,0
H10,834,2
H10,835,4
H10,836,4
H10,837,4
H10,838,0
H10,839,4
H10,840,2
H10,841,4
H10,842,4
H10,843,2
H10,844,4
H10,845,2
H10,846,0
H10,847,2
H10,848,4
H10,849,2
H10,850,4
H10,851,4
H10,852,4
H10,853,4
H10,854,0
H10,855,2
H10,856,2
H10,857,4
H10,858,4
H10,859,4
H10,860,4
H10,861,4
H10,862,0
H10,863,4
H10,864,2
H10,865,2
H10,866,0
H10,867,2
H10,868,2
H10,869,2
H10,870,3
H10,871,2
H10,872,2
H10,873,0
H10,874,2
H10,875,2
H10,876,3
H10,877,4
H10,878,3
H10,879,2
H10,880,2
H10,881,2
H10,882,2
H10,883,2
H10,884,2
H10,885,2
H10,886,2
H10,887,2
H10,888,2
H10,889,2
H10,890,2
H10,891,3
H10,892,2
H10,893,2
H10,894,2
H10,895,3
H10,896,2
H10,897,2
H10,898,2
H10,899,2
H10,900,2
H10,901,2
H10,902,3
H10,903,2
H10,904,3
H10,905,2
H10,906,3
H10,907,3
H10,908,3
H10,909,2
H10,910,2
H10,911,2
H10,912,2
H10,913,3
H10,914,2
H10,915,3
H10,916,3
H10,917,2
H10,918,3
H10,919,2
H10,920,3
H10,921,3
H10,922,2
H10,923,3
H10,924,3
H10,925,2
H10,926,3
H10,927,2
H10,928,3
H10,929,3
H10,930,3
H10,931,3
H10,932,3
H10,933,3
H10,934,0
H10,935,3
H10,936,2
H10,937,3
H10,938,3
H10,939,3
H10,940,2
H10,941,3
H10,942,3
H10,943,3
H10,944,3
H10,945,4
H10,946,2
H10,947,2
H10,948,2
H10,949,2
H10,950,0
H10,951,2
H10,952,2
H10,953,2
H10,954,3
H10,955,3
H10,956,2
H10,957,0
H10,958,3
H10,959,2
H10,960,3
H10,961,2
H10,962,2
H10,963,3
H10,964,2
H10,965,0
H10,966,2
H10,967,2
H10,968,2
H10,969,3
H10,970,2
H10,971,2
H10,972,3
H10,973,2
H10,974,2
H10,975,2
H10,976,3
H10,977,2
H10,978,2
H10,979,2
H10,980,3
H10,981,3
H10,982,2
H10,983,2
H10,984,3
H10,985,3
H10,986,2
H10,987,4
H10,988,4
H10,989,4
H10,990,4
H10,991,4
H10,992,2
H10,993,4
H10,994,0
H10,995,2
H10,996,2
H10,997,4
H10,998,4
H10,999,4
H10,1000,4
H10,1001,4
H10,1002,2
H10,1003,4
H10,1004,4
H10,1005,4
H10,1006,0
H10,1007,4
H10,1008,4
H10,1009,4
H10,1010,4
H10,1011,4
H10,1012,4
H10,1013,4
H10,1014,4
H10,1015,4
H10,1016,4
H10,1017,4
H10,1018,4
H10,1019,4
H10,1020,0
H10,1021,4
H10,1022,2
H10,1023,2
H10,1024,2
H10,1025,0
H10,1026,0
H10,1027,2
H10,1028,2
H10,1029,2
H10,1030,2
H10,1031,3
H10,1032,0
H10,1033,0
H10,1034,0
H10,1035,0
H10,1036,0
H10,1037,0
H10,1038,0
H10,1039,0
H10,1040,0
H10,1041,0
H10,1042,0
H10,1043,0
H10,1044,0
H10,1045,0
H10,1046,0
H10,1047,0
H10,1048,0
H10,1049,0
H10,1050,0
H10,1051,0
H10,1052,0
H10,1053,0
H10,1054,0
H10,1055,0
H10,1056,0
H10,1057,0
H10,1058,0
H10,1059,0
H10,1060,0
H10,1061,0
H10,1062,0
H10,1063,0
H10,1064,0
H10,1065,0
H2,0,0
H2,1,0
H2,2,0
H2,3,0
H2,4,0
H2,5,0
H2,6,0
H2,7,0
H2,8,0
H2,9,1
H2,10,0
H2,11,0
H2,12,0
H2,13,0
H2,14,0
H2,15,0
H2,16,0
H2,17,0
H2,18,0
H2,19,0
H2,20,0
H2,21,0
H2,22,0
H2,23,0
H2,24,0
H2,25,0
H2,26,0
H2,27,0
H2,28,0
H2,29,0
H2,30,0
H2,31,0
H2,32,0
H2,33,0
H2,34,1
H2,35,1
H2,36,0
H2,37,0
H2,38,0
H2,39,1
H2,40,1
H2,41,0
H2,42,0
H2,43,0
H2,44,0
H2,45,0
H2,46,0
H2,47,0
H2,48,0
H2,49,0
H2,50,0
H2,51,0
H2,52,0
H2,53,0
H2,54,0
H2,55,0
H2,56,0
H2,57,0
H2,58,0
H2,59,0
H2,60,0
H2,61,0
H2,62,0
H2,63,1
H2,64,0
H2,65,0
H2,66,0
H2,67,0
H2,68,1
H2,69,0
H2,70,0
H2,71,0
H2,72,0
H2,73,1
H2,74,0
H2,75,0
H2,76,0
H2,77,0
H2,78,0
H2,79,0
H2,80,0
H2,81,0
H2,82,0
H2,83,0
H2,84,0
H2,85,0
H2,86,0
H2,87,0
H2,88,0
H2,89,0
H2,90,0
H2,91,0
H2,92,0
H2,93,0
H2,94,0
H2,95,2
H2,96,0
H2,97,2
H2,98,1
H2,99,2
H2,100,2
H2,101,2
H2,102,2
H2,103,2
H2,104,2
H2,105,2
H2,106,2
H2,107,2
H2,108,2
H2,109,2
H2,110,2
H2,111,2
H2,112,2
H2,113,2
H2,114,2
H2,115,2
H2,116,2
H2,117,2
H2,118,2
H2,119,2
H2,120,2
H2,121,2
H2,122,2
H2,123,2
H2,124,2
H2,125,2
H2,126,2
H2,127,2
H2,128,2
H2,129,2
H2,130,2
H2,131,2
H2,132,2
H2,133,2
H2,134,3
H2,135,2
H2,136,2
H2,137,2
H2,138,3
H2,139,0
H2,140,0
H2,141,0
H2,142,0
H2,143,0
H2,144,0
H2,145,0
H2,146,0
H2,147,0
H2,148,0
H2,149,0
H2,150,0
H2,151,0
H2,152,0
H2,153,0
H2,154,0
H2,155,0
H2,156,0
H2,157,0
H2,158,0
H2,159,0
H2,160,0
H2,161,0
H2,162,0
H2,163,1
H2,164,0
H2,165,0
H2,166,0
H2,167,0
H2,168,0
H2,169,0
H2,170,0
H2,171,0
H2,172,0
H2,173,0
H2,174,1
H2,175,0
H2,176,1
H2,177,0
H2,178,0
H2,179,0
H2,180,0
H2,181,0
H2,182,0
H2,183,1
H2,184,1
H2,185,0
H2,186,0
H2,187,1
H2,188,0
H2,189,0
H2,190,0
H2,191,0
H2,192,0
H2,193,0
H2,194,0
H2,195,1
H2,196,0
H2,197,1
H2,198,1
H2,199,0
H2,200,1
H2,201,2
H2,202,1
H2,203,1
H2,204,0
H2,205,0
H2,206,0
H2,207,1
H2,208,1
H2,209,1
H2,210,0
H2,211,2
H2,212,0
H2,213,1
H2,214,2
H2,215,2
H2,216,2
H2,217,2
H2,218,2
H2,219,1
H2,220,2
H2,221,1
H2,222,1
H2,223,1
H2,224,1
H2,225,2
H2,226,0
H2,227,1
H2,228,2
H2,229,2
H2,230,1
H2,231,1
H2,232,1
H2,233,1
H2,234,1
H2,235,0
H2,236,2
H2,237,2
H2,238,2
H2,239,2
H2,240,0
H2,241,2
H2,242,0
H2,243,2
H2,244,0
H2,245,1
H2,246,0
H2,247,0
H2,248,0
H2,249,0
H2,250,1
H2,251,0
H2,252,0
H2,253,1
H2,254,1
H2,255,1
H2,256,0
H2,257,1
H2,258,2
H2,259,2
H2,260,2
H2,261,2
H2,262,2
H2,263,2
H2,264,2
H2,265,2
H2,266,2
H2,267,2
H2,268,2
H2,269,0
H2,270,0
H2,271,4
H2,272,1
H2,273,0
H2,274,1
H2,275,0
H2,276,0
H2,277,1
H2,278,0
H2,279,1
H2,280,1
H2,281,0
H2,282,0
H2,283,0
H2,284,0
H2,285,0
H2,286,1
H2,287,4
H2,288,0
H2,289,0
H2,290,0
H2,291,1
H2,292,0
H2,293,1
H2,294,1
H2,295,0
H2,296,4
H2,297,0
H2,298,1
H2,299,0
H2,300,1
H2,301,0
H2,302,0
H2,303,1
H2,304,0
H2,305,1
H2,306,1
H2,307,0
H2,308,1
H2,309,1
H2,310,0
H2,311,0
H2,312,0
H2,313,0
H2,314,0
H2,315,0
H2,316,4
H2,317,4
H2,318,0
H2,319,0
H2,320,1
H2,321,0
H2,322,0
H2,323,0
H2,324,0
H2,325,1
H2,326,0
H2,327,0
H2,328,4
H2,329,4
H2,330,4
H2,331,4
H2,332,0
H2,333,4
H2,334,4
H2,335,4
H2,336,0
H2,337,2
H2,338,2
H2,339,1
H2,340,0
H2,341,2
H2,342,2
H2,343,2
H2,344,2
H2,345,2
H2,346,2
H2,347,2
H2,348,2
H2,349,2
H2,350,2
H2,351,2
H2,352,2
H2,353,2
H2,354,2
H2,355,2
H2,356,2
H2,357,2
H2,358,2
H2,359,2
H2,360,2
H2,361,2
H2,362,2
H2,363,2
H2,364,2
H2,365,3
H2,366,3
H2,367,3
H2,368,3
H2,369,3
H2,370,3
H2,371,3
H2,372,3
H2,373,3
H2,374,3
H2,375,3
H2,376,3
H2,377,3
H2,378,3
H2,379,3
H2,380,3
H2,381,3
H2,382,3
H2,383,3
H2,384,3
H2,385,3
H2,386,3
H2,387,3
H2,388,3
H2,389,3
H2,390,3
H2,391,3
H2,392,3
H2,393,3
H2,394,3
H2,395,3
H2,396,3
H2,397,3
H2,398,3
H2,399,3
H2,400,3
H2,401,3
H2,402,3
H2,403,3
H2,404,3
H2,405,3
H2,406,3
H2,407,3
H2,408,3
H2,409,3
H2,410,3
H2,411,3
H2,412,3
H2,413,3
H2,414,3
H2,415,3
H2,416,3
H2,417,3
H2,418,3
H2,419,3
H2,420,3
H2,421,3
H2,422,3
H2,423,3
H2,424,3
H2,425,3
H2,426,3
H2,427,3
H2,428,3
H2,429,3
H2,430,3
H2,431,3
H2,432,3
H2,433,3
H2,434,3
H2,435,3
H2,436,3
H2,437,3
H2,438,3
H2,439,3
H2,440,3
H2,441,3
H2,442,1
H2,443,0
H2,444,1
H2,445,1
H2,446,1
H2,447,1
H2,448,0
H2,449,1
H2,450,0
H2,451,1
H2,452,2
H2,453,2
H2,454,2
H2,455,2
H2,456,2
H2,457,2
H2,458,2
H2,459,2
H2,460,2
H2,461,2
H2,462,4
H2,463,2
H2,464,2
H2,465,2
H2,466,2
H2,467,2
H2,468,2
H2,469,2
H2,470,2
H2,471,2
H2,472,2
H2,473,2
H2,474,2
H2,475,2
H2,476,2
H2,477,2
H2,478,2
H2,479,2
H2,480,2
H2,481,2
H2,482,2
H2,483,2
H2,484,2
H2,485,2
H2,486,2
H2,487,2
H2,488,2
H2,489,2
H2,490,0
H2,491,4
H2,492,0
H2,493,4
H2,494,0
H2,495,1
H2,496,0
H2,497,1
H2,498,4
H2,499,0
H2,500,0
H2,501,0
H2,502,0
H2,503,0
H2,504,0
H2,505,0
H2,506,0
H2,507,4
H2,508,1
H2,509,0
H2,510,4
H2,511,4
H2,512,4
H2,513,0
H2,514,0
H2,515,4
H2,516,4
H2,517,2
H2,518,4
H2,519,1
H2,520,1
H2,521,1
H2,522,2
H2,523,1
H2,524,4
H2,525,1
H2,526,4
H2,527,0
H2,528,4
H2,529,0
H2,530,4
H2,531,0
H2,532,4
H2,533,1
H2,534,1
H2,535,0
H2,536,1
H2,537,2
H2,538,0
H2,539,2
H2,540,2
H2,541,2
H2,542,2
H2,543,2
H2,544,2
H2,545,2
H2,546,2
H2,547,2
H2,548,0
H2,549,2
H2,550,2
H2,551,2
H2,552,2
H2,553,2
H2,554,2
H2,555,2
H2,556,0
H2,557,1
H2,558,1
H2,559,2
H2,560,2
H2,561,2
H2,562,2
H2,563,2
H2,564,2
H2,565,2
H2,566,2
H2,567,2
H2,568,2
H2,569,2
H2,570,2
H2,571,2
H2,572,2
H2,573,2
H2,574,2
H2,575,2
H2,576,2
H2,577,2
H2,578,2
H2,579,2
H2,580,2
H2,581,2
H2,582,2
H2,583,2
H2,584,2
H2,585,0
H2,586,1
H2,587,1
H2,588,2
H2,589,1
H2,590,2
H2,591,2
H2,592,0
H2,593,2
H2,594,4
H2,595,2
H2,596,2
H2,597,2
H2,598,0
H2,599,0
H2,600,1
H2,601,0
H2,602,0
H2,603,1
H2,604,2
H2,605,2
H2,606,0
H2,607,2
H2,608,2
H2,609,2
H2,610,2
H2,611,2
H2,612,2
H2,613,2
H2,614,2
H2,615,2
H2,616,2
H2,617,2
H2,618,2
H2,619,2
H2,620,2
H2,621,2
H2,622,2
H2,623,2
H2,624,2
H2,625,2
H2,626,2
H2,627,2
H2,628,2
H2,629,2
H2,630,2
H2,631,3
H2,632,3
H2,633,2
H2,634,3
H2,635,3
H2,636,3
H2,637,2
H2,638,3
H2,639,3
H2,640,3
H2,641,3
H2,642,3
H2,643,3
H2,644,3
H2,645,3
H2,646,3
H2,647,3
H2,648,3
H2,649,3
H2,650,3
H2,651,3
H2,652,3
H2,653,3
H2,654,3
H2,655,3
H2,656,3
H2,657,3
H2,658,3
H2,659,3
H2,660,3
H2,661,3
H2,662,3
H2,663,3
H2,664,3
H2,665,3
H2,666,3
H2,667,3
H2,668,3
H2,669,3
H2,670,3
H2,671,3
H2,672,3
H2,673,3
H2,674,3
H2,675,2
H2,676,0
H2,677,1
H2,678,1
H2,679,0
H2,680,1
H2,681,1
H2,682,1
H2,683,1
H2,684,0
H2,685,1
H2,686,1
H2,687,1
H2,688,1
H2,689,0
H2,690,1
H2,691,0
H2,692,0
H2,693,0
H2,694,0
H2,695,4
H2,696,0
H2,697,0
H2,698,0
H2,699,0
H2,700,0
H2,701,0
H2,702,0
H2,703,0
H2,704,0
H2,705,0
H2,706,0
H2,707,0
H2,708,1
H2,709,1
H2,710,0
H2,711,0
H2,712,1
H2,713,0
H2,714,0
H2,715,1
H2,716,0
H2,717,1
H2,718,1
H2,719,0
H2,720,0
H2,721,0
H2,722,1
H2,723,0
H2,724,0
H2,725,0
H2,726,0
H2,727,0
H2,728,0
H2,729,0
H2,730,0
H2,731,0
H2,732,0
H2,733,0
H2,734,0
H2,735,0
H2,736,0
H2,737,0
H2,738,0
H2,739,0
H2,740,0
H2,741,0
H2,742,0
H2,743,0
H2,744,0
H2,745,0
H2,746,0
H2,747,0
H2,748,0
H2,749,0
H2,750,0
H2,751,0
H2,752,0
H2,753,0
H2,754,0
H2,755,0
H2,756,0
H2,757,1
H2,758,0
H2,759,0
H2,760,0
H2,761,0
H2,762,0
H2,763,0
H2,764,0
H2,765,1
H2,766,0
H2,767,1
H2,768,0
H2,769,0
H2,770,0
H2,771,0
H2,772,0
H2,773,0
H2,774,0
H2,775,0
H2,776,0
H2,777,0
H2,778,0
H2,779,0
H2,780,1
H2,781,0
H2,782,0
H2,783,0
H2,784,0
H2,785,1
H2,786,1
H2,787,2
H2,788,2
H2,789,2
H2,790,1
H2,791,1
H2,792,0
H2,793,0
H2,794,0
H2,795,0
H2,796,0
H2,797,0
H2,798,0
H2,799,0
H2,800,0
H2,801,1
H2,802,1
H2,803,0
H2,804,0
H2,805,0
H2,806,0
H2,807,0
H2,808,0
H2,809,0
H2,810,0
H2,811,0
H2,812,0
H2,813,0
H2,814,0
H2,815,0
H2,816,0
H2,817,0
H2,818,0
H2,819,0
H2,820,0
H2,821,0
H2,822,1
H2,823,0
H2,824,0
H2,825,0
H2,826,0
H2,827,0
H2,828,1
H2,829,0
H2,830,0
H2,831,0
H2,832,0
H2,833,1
H2,834,0
H2,835,0
H2,836,0
H2,837,0
H2,838,0
H2,839,0
H2,840,0
H2,841,0
H2,842,0
H2,843,0
H2,844,0
H2,845,0
H2,846,0
H2,847,0
H2,848,1
H2,849,0
H2,850,0
H2,851,0
H2,852,0
H2,853,1
H2,854,0
H2,855,0
H2,856,1
H2,857,0
H2,858,0
H2,859,0
H2,860,1
H2,861,1
H2,862,0
H2,863,0
H2,864,0
H2,865,0
H2,866,0
H2,867,0
H2,868,0
H2,869,0
H2,870,1
H2,871,0
H2,872,0
H2,873,0
H2,874,1
H2,875,0
H2,876,0
H2,877,0
H2,878,0
H2,879,0
H2,880,1
H2,881,0
H2,882,0
H2,883,1
H2,884,0
H2,885,2
H2,886,1
H2,887,4
H2,888,2
H2,889,4
H2,890,4
H2,891,0
H2,892,0
H2,893,0
H2,894,1
H2,895,1
H2,896,0
H2,897,0
H2,898,0
H2,899,0
H2,900,0
H2,901,1
H2,902,1
H2,903,0
H2,904,0
H2,905,0
H2,906,0
H2,907,0
H2,908,0
H2,909,0
H2,910,0
H2,911,0
H2,912,1
H2,913,1
H2,914,0
H2,915,4
H2,916,0
H2,917,0
H2,918,0
H2,919,1
H2,920,0
H2,921,0
H2,922,1
H2,923,1
H2,924,1
H2,925,1
H2,926,1
H2,927,1
H2,928,2
H2,929,2
H2,930,1
H2,931,1
H2,932,2
H2,933,2
H2,934,1
H2,935,0
H2,936,1
H2,937,1
H2,938,1
H2,939,2
H2,940,1
H2,941,1
H2,942,2
H2,943,4
H2,944,2
H2,945,2
H2,946,1
H2,947,0
H2,948,1
H2,949,1
H2,950,0
H2,951,4
H2,952,2
H2,953,2
H2,954,1
H2,955,2
H2,956,4
H2,957,2
H2,958,2
H2,959,2
H2,960,2
H2,961,2
H2,962,2
H2,963,2
H2,964,2
H2,965,2
H2,966,2
H2,967,2
H2,968,2
H2,969,2
H2,970,2
H2,971,2
H2,972,2
H2,973,2
H2,974,2
H2,975,2
H2,976,2
H2,977,2
H2,978,2
H2,979,2
H2,980,2
H2,981,2
H2,982,2
H2,983,2
H2,984,2
H2,985,2
H2,986,2
H2,987,2
H2,988,2
H2,989,2
H2,990,2
H2,991,2
H2,992,2
H2,993,2
H2,994,2
H2,995,2
H2,996,2
H2,997,2
H2,998,2
H2,999,2
H2,1000,2
H2,1001,2
H2,1002,2
H2,1003,0
H2,1004,0
H2,1005,4
H2,1006,2
H2,1007,0
H2,1008,0
H2,1009,0
H2,1010,0
H2,1011,0
H2,1012,1
H2,1013,0
H2,1014,0
H2,1015,1
H3,0,0
H3,1,0
H3,2,0
H3,3,0
H3,4,0
H3,5,0
H3,6,0
H3,7,0
H3,8,0
H3,9,0
H3,10,0
H3,11,0
H3,12,0
H3,13,0
H3,14,0
H3,15,0
H3,16,0
H3,17,0
H3,18,0
H3,19,0
H3,20,0
H3,21,0
H3,22,0
H3,23,0
H3,24,0
H3,25,0
H3,26,0
H3,27,0
H3,28,0
H3,29,0
H3,30,0
H3,31,0
H3,32,0
H3,33,0
H3,34,0
H3,35,0
H3,36,0
H3,37,0
H3,38,0
H3,39,0
H3,40,0
H3,41,0
H3,42,0
H3,43,0
H3,44,0
H3,45,0
H3,46,0
H3,47,0
H3,48,0
H3,49,0
H3,50,0
H3,51,0
H3,52,0
H3,53,0
H3,54,0
H3,55,0
H3,56,0
H3,57,0
H3,58,0
H3,59,0
H3,60,0
H3,61,0
H3,62,0
H3,63,0
H3,64,0
H3,65,0
H3,66,0
H3,67,0
H3,68,0
H3,69,0
H3,70,0
H3,71,0
H3,72,0
H3,73,0
H3,74,0
H3,75,0
H3,76,0
H3,77,0
H3,78,0
H3,79,0
H3,80,0
H3,81,0
H3,82,0
H3,83,0
H3,84,0
H3,85,0
H3,86,0
H3,87,0
H3,88,0
H3,89,0
H3,90,0
H3,91,0
H3,92,0
H3,93,0
H3,94,0
H3,95,0
H3,96,0
H3,97,0
H3,98,0
H3,99,0
H3,100,0
H3,101,0
H3,102,0
H3,103,0
H3,104,0
H3,105,0
H3,106,0
H3,107,0
H3,108,0
H3,109,0
H3,110,0
H3,111,0
H3,112,0
H3,113,0
H3,114,0
H3,115,0
H3,116,0
H3,117,0
H3,118,0
H3,119,0
H3,120,0
H3,121,0
H3,122,0
H3,123,0
H3,124,0
H3,125,0
H3,126,0
H3,127,0
H3,128,0
H3,129,0
H3,130,0
H3,131,0
H3,132,0
H3,133,0
H3,134,0
H3,135,0
H3,136,0
H3,137,0
H3,138,0
H3,139,0
H3,140,0
H3,141,0
H3,142,0
H3,143,0
H3,144,0
H3,145,0
H3,146,4
H3,147,4
H3,148,4
H3,149,4
H3,150,0
H3,151,4
H3,152,0
H3,153,4
H3,154,0
H3,155,0
H3,156,0
H3,157,4
H3,158,4
H3,159,0
H3,160,0
H3,161,4
H3,162,0
H3,163,0
H3,164,0
H3,165,0
H3,166,0
H3,167,4
H3,168,0
H3,169,0
H3,170,0
H3,171,4
H3,172,0
H3,173,4
H3,174,0
H3,175,4
H3,176,2
H3,177,2
H3,178,4
H3,179,4
H3,180,4
H3,181,4
H3,182,4
H3,183,2
H3,184,4
H3,185,2
H3,186,2
H3,187,2
H3,188,0
H3,189,0
H3,190,2
H3,191,0
H3,192,0
H3,193,0
H3,194,0
H3,195,4
H3,196,0
H3,197,0
H3,198,0
H3,199,4
H3,200,0
H3,201,0
H3,202,0
H3,203,0
H3,204,0
H3,205,0
H3,206,0
H3,207,0
H3,208,0
H3,209,0
H3,210,0
H3,211,0
H3,212,0
H3,213,0
H3,214,0
H3,215,0
H3,216,0
H3,217,0
H3,218,4
H3,219,0
H3,220,0
H3,221,4
H3,222,0
H3,223,0
H3,224,4
H3,225,4
H3,226,4
H3,227,0
H3,228,0
H3,229,0
H3,230,4
H3,231,4
H3,232,0
H3,233,0
H3,234,0
H3,235,4
H3,236,0
H3,237,4
H3,238,4
H3,239,4
H3,240,4
H3,241,4
H3,242,4
H3,243,0
H3,244,4
H3,245,0
H3,246,0
H3,247,4
H3,248,4
H3,249,0
H3,250,0
H3,251,0
H3,252,0
H3,253,0
H3,254,4
H3,255,0
H3,256,4
H3,257,4
H3,258,4
H3,259,0
H3,260,0
H3,261,0
H3,262,4
H3,263,0
H3,264,4
H3,265,4
H3,266,4
H3,267,0
H3,268,4
H3,269,4
H3,270,4
H3,271,4
H3,272,4
H3,273,0
H3,274,4
H3,275,4
H3,276,0
H3,277,4
H3,278,4
H3,279,0
H3,280,4
H3,281,4
H3,282,0
H3,283,0
H3,284,0
H3,285,0
H3,286,4
H3,287,4
H3,288,4
H3,289,4
H3,290,4
H3,291,4
H3,292,4
H3,293,4
H3,294,0
H3,295,0
H3,296,0
H3,297,0
H3,298,0
H3,299,0
H3,300,0
H3,301,0
H3,302,0
H3,303,0
H3,304,0
H3,305,0
H3,306,0
H3,307,0
H3,308,0
H3,309,0
H3,310,0
H3,311,0
H3,312,0
H3,313,0
H3,314,0
H3,315,0
H3,316,0
H3,317,0
H3,318,0
H3,319,0
H3,320,0
H3,321,4
H3,322,0
H3,323,0
H3,324,0
H3,325,0
H3,326,0
H3,327,0
H3,328,0
H3,329,0
H3,330,0
H3,331,0
H3,332,0
H3,333,0
H3,334,0
H3,335,0
H3,336,0
H3,337,0
H3,338,0
H3,339,0
H3,340,0
H3,341,0
H3,342,0
H3,343,0
H3,344,0
H3,345,0
H3,346,0
H3,347,0
H3,348,0
H3,349,0
H3,350,0
H3,351,0
H3,352,0
H3,353,0
H3,354,0
H3,355,0
H3,356,0
H3,357,0
H3,358,0
H3,359,0
H3,360,0
H3,361,0
H3,362,0
H3,363,0
H3,364,4
H3,365,0
H3,366,0
H3,367,0
H3,368,0
H3,369,0
H3,370,0
H3,371,0
H3,372,4
H3,373,0
H3,374,0
H3,375,0
H3,376,0
H3,377,0
H3,378,0
H3,379,0
H3,380,0
H3,381,0
H3,382,0
H3,383,0
H3,384,0
H3,385,0
H3,386,0
H3,387,0
H3,388,0
H3,389,0
H3,390,0
H3,391,0
H3,392,0
H3,393,0
H3,394,0
H3,395,0
H3,396,0
H3,397,0
H3,398,0
H3,399,0
H3,400,0
H3,401,0
H3,402,0
H3,403,0
H3,404,0
H3,405,0
H3,406,0
H3,407,0
H3,408,0
H3,409,0
H3,410,0
H3,411,0
H3,412,0
H3,413,0
H3,414,0
H3,415,0
H3,416,4
H3,417,4
H3,418,4
H3,419,4
H3,420,4
H3,421,4
H3,422,4
H3,423,4
H3,424,4
H3,425,4
H3,426,4
H3,427,4
H3,428,4
H3,429,4
H3,430,4
H3,431,4
H3,432,4
H3,433,4
H3,434,0
H3,435,4
H3,436,4
H3,437,4
H3,438,4
H3,439,0
H3,440,0
H3,441,4
H3,442,4
H3,443,4
H3,444,4
H3,445,4
H3,446,4
H3,447,4
H3,448,4
H3,449,4
H3,450,4
H3,451,4
H3,452,4
H3,453,4
H3,454,0
H3,455,4
H3,456,4
H3,457,0
H3,458,0
H3,459,4
H3,460,4
H3,461,0
H3,462,0
H3,463,0
H3,464,4
H3,465,4
H3,466,4
H3,467,4
H3,468,4
H3,469,4
H3,470,4
H3,471,4
H3,472,4
H3,473,4
H3,474,4
H3,475,4
H3,476,4
H3,477,4
H3,478,4
H3,479,4
H3,480,4
H3,481,4
H3,482,4
H3,483,4
H3,484,0
H3,485,0
H3,486,0
H3,487,4
H3,488,4
H3,489,4
H3,490,4
H3,491,4
H3,492,4
H3,493,4
H3,494,4
H3,495,0
H3,496,4
H3,497,4
H3,498,4
H3,499,0
H3,500,4
H3,501,4
H3,502,4
H3,503,4
H3,504,4
H3,505,4
H3,506,4
H3,507,4
H3,508,4
H3,509,4
H3,510,4
H3,511,4
H3,512,4
H3,513,4
H3,514,4
H3,515,2
H3,516,4
H3,517,4
H3,518,0
H3,519,4
H3,520,4
H3,521,4
H3,522,4
H3,523,4
H3,524,4
H3,525,4
H3,526,4
H3,527,4
H3,528,4
H3,529,4
H3,530,4
H3,531,4
H3,532,4
H3,533,0
H3,534,4
H3,535,4
H3,536,4
H3,537,4
H3,538,4
H3,539,4
H3,540,4
H3,541,0
H3,542,4
H3,543,4
H3,544,0
H3,545,4
H3,546,4
H3,547,4
H3,548,4
H3,549,0
H3,550,0
H3,551,4
H3,552,4
H3,553,4
H3,554,4
H3,555,4
H3,556,4
H3,557,4
H3,558,0
H3,559,4
H3,560,4
H3,561,4
H3,562,0
H3,563,0
H3,564,0
H3,565,0
H3,566,0
H3,567,0
H3,568,0
H3,569,0
H3,570,0
H3,571,4
H3,572,4
H3,573,4
H3,574,0
H3,575,4
H3,576,4
H3,577,4
H3,578,4
H3,579,4
H3,580,4
H3,581,4
H3,582,4
H3,583,4
H3,584,4
H3,585,4
H3,586,4
H3,587,4
H3,588,4
H3,589,0
H3,590,4
H3,591,4
H3,592,4
H3,593,4
H3,594,0
H3,595,4
H3,596,4
H3,597,4
H3,598,4
H3,599,0
H3,600,4
H3,601,0
H3,602,0
H3,603,4
H3,604,4
H3,605,4
H3,606,0
H3,607,4
H3,608,4
H3,609,4
H3,610,4
H3,611,4
H3,612,4
H3,613,4
H3,614,4
H3,615,0
H3,616,4
H3,617,4
H3,618,0
H3,619,4
H3,620,4
H3,621,4
H3,622,4
H3,623,0
H3,624,4
H3,625,4
H3,626,4
H3,627,0
H3,628,4
H3,629,4
H3,630,4
H3,631,0
H3,632,0
H3,633,4
H3,634,4
H3,635,4
H3,636,4
H3,637,0
H3,638,0
H3,639,4
H3,640,4
H3,641,4
H3,642,4
H3,643,0
H3,644,0
H3,645,4
H3,646,4
H3,647,4
H3,648,4
H3,649,0
H3,650,4
H3,651,4
H3,652,0
H3,653,0
H3,654,0
H3,655,4
H3,656,4
H3,657,4
H3,658,4
H3,659,4
H3,660,4
H3,661,4
H3,662,0
H3,663,0
H3,664,4
H3,665,4
H3,666,4
H3,667,4
H3,668,4
H3,669,4
H3,670,4
H3,671,4
H3,672,4
H3,673,0
H3,674,4
H3,675,4
H3,676,4
H3,677,0
H3,678,0
H3,679,4
H3,680,4
H3,681,0
H3,682,4
H3,683,4
H3,684,4
H3,685,4
H3,686,4
H3,687,4
H3,688,4
H3,689,4
H3,690,4
H3,691,4
H3,692,4
H3,693,4
H3,694,4
H3,695,4
H3,696,4
H3,697,4
H3,698,4
H3,699,4
H3,700,4
H3,701,4
H3,702,4
H3,703,4
H3,704,4
H3,705,4
H3,706,4
H3,707,4
H3,708,0
H3,709,4
H3,710,4
H3,711,4
H3,712,4
H3,713,4
H3,714,4
H3,715,4
H3,716,0
H3,717,4
H3,718,4
H3,719,4
H3,720,4
H3,721,4
H3,722,4
H3,723,4
H3,724,4
H3,725,4
H3,726,4
H3,727,4
H3,728,4
H3,729,4
H3,730,4
H3,731,4
H3,732,4
H3,733,0
H3,734,4
H3,735,4
H3,736,0
H3,737,0
H3,738,4
H3,739,4
H3,740,4
H3,741,4
H3,742,4
H3,743,2
H3,744,4
H3,745,0
H3,746,0
H3,747,0
H3,748,0
H3,749,0
H3,750,4
H3,751,0
H3,752,0
H3,753,4
H3,754,4
H3,755,4
H3,756,4
H3,757,4
H3,758,4
H3,759,4
H3,760,4
H3,761,4
H3,762,4
H3,763,4
H3,764,4
H3,765,0
H3,766,0
H3,767,4
H3,768,4
H3,769,4
H3,770,4
H3,771,4
H3,772,0
H3,773,4
H3,774,0
H3,775,4
H3,776,4
H3,777,4
H3,778,4
H3,779,0
H3,780,4
H3,781,0
H3,782,0
H3,783,4
H3,784,4
H3,785,0
H3,786,4
H3,787,4
H3,788,4
H3,789,4
H3,790,4
H3,791,4
H3,792,0
H3,793,0
H3,794,4
H3,795,4
H3,796,0
H3,797,4
H3,798,4
H3,799,4
H3,800,4
H3,801,0
H3,802,0
H3,803,4
H3,804,4
H3,805,0
H3,806,4
H3,807,4
H3,808,4
H3,809,4
H3,810,4
H3,811,4
H3,812,0
H3,813,0
H3,814,0
H3,815,4
H3,816,4
H3,817,4
H3,818,4
H3,819,4
H3,820,4
H3,821,4
H3,822,4
H3,823,4
H3,824,4
H3,825,0
H3,826,0
H3,827,4
H3,828,4
H3,829,4
H3,830,4
H3,831,4
H3,832,4
H3,833,4
H3,834,4
H3,835,4
H3,836,0
H3,837,4
H3,838,0
H3,839,0
H3,840,0
H3,841,0
H3,842,4
H3,843,0
H3,844,4
H3,845,4
H3,846,4
H3,847,4
H3,848,4
H3,849,4
H3,850,4
H3,851,4
H3,852,4
H3,853,4
H3,854,4
H3,855,4
H3,856,4
H3,857,4
H3,858,4
H3,859,4
H3,860,4
H3,861,4
H3,862,4
H3,863,4
H3,864,0
H3,865,0
H3,866,4
H3,867,4
H3,868,4
H3,869,0
H3,870,0
H3,871,0
H3,872,4
H3,873,4
H3,874,4
H3,875,4
H3,876,4
H3,877,4
H3,878,4
H3,879,4
H3,880,4
H3,881,4
H3,882,4
H3,883,4
H3,884,4
H3,885,0
H3,886,4
H3,887,4
H3,888,4
H3,889,4
H3,890,4
H3,891,4
H3,892,4
H3,893,4
H3,894,4
H3,895,4
H3,896,4
H3,897,4
H3,898,4
H3,899,4
H3,900,4
H3,901,4
H3,902,4
H3,903,4
H3,904,4
H3,905,4
H3,906,4
H3,907,4
H3,908,4
H3,909,4
H3,910,4
H3,911,4
H3,912,4
H3,913,4
H3,914,4
H3,915,4
H3,916,4
H3,917,0
H3,918,0
H3,919,4
H3,920,4
H3,921,4
H3,922,4
H3,923,0
H3,924,4
H3,925,4
H3,926,4
H3,927,4
H3,928,0
H3,929,4
H3,930,4
H3,931,4
H3,932,4
H3,933,4
H3,934,4
H3,935,4
H3,936,4
H3,937,4
H3,938,4
H3,939,4
H3,940,4
H3,941,0
H3,942,4
H3,943,4
H3,944,4
H3,945,4
H3,946,4
H3,947,4
H3,948,0
H3,949,4
H3,950,4
H3,951,4
H3,952,4
H3,953,4
H3,954,4
H3,955,0
H3,956,4
H3,957,4
H3,958,4
H3,959,4
H3,960,4
H3,961,0
H3,962,4
H3,963,4
H3,964,4
H3,965,4
H3,966,0
H3,967,4
H3,968,4
H3,969,4
H3,970,4
H3,971,4
H3,972,0
H3,973,4
H3,974,0
H3,975,4
H3,976,4
H3,977,4
H3,978,4
H3,979,4
H3,980,4
H3,981,4
H3,982,4
H3,983,4
H3,984,4
H3,985,0
H3,986,0
H3,987,4
H3,988,4
H3,989,0
H3,990,4
H3,991,4
H3,992,4
H3,993,4
H3,994,4
H3,995,0
H3,996,0
H3,997,4
H3,998,0
H3,999,0
H3,1000,0
H3,1001,0
H3,1002,0
H3,1003,0
H3,1004,0
H3,1005,0
H3,1006,0
H3,1007,0
H3,1008,0
H3,1009,0
H3,1010,0
H3,1011,0
H3,1012,0
H3,1013,0
H3,1014,0
H3,1015,0
H3,1016,0
H3,1017,0
H3,1018,0
H3,1019,0
H3,1020,0
H3,1021,0
H3,1022,0
H3,1023,0
H3,1024,0
H3,1025,0
H3,1026,0
H3,1027,0
H3,1028,0
H3,1029,0
H3,1030,0
H3,1031,0
H3,1032,0
H3,1033,0
H3,1034,0
H3,1035,0
H3,1036,0
H3,1037,0
H3,1038,0
H3,1039,0
H3,1040,0
H3,1041,0
H3,1042,0
H3,1043,0
H3,1044,0
H3,1045,0
H3,1046,0
H3,1047,0
H3,1048,0
H3,1049,0
H3,1050,0
H3,1051,0
H3,1052,0
H3,1053,0
H3,1054,0
H3,1055,0
H3,1056,0
H3,1057,0
H3,1058,0
H3,1059,0
H3,1060,0
H3,1061,0
H3,1062,0
H3,1063,0
H3,1064,0
H3,1065,0
H4,0,0
H4,1,0
H4,2,0
H4,3,0
H4,4,0
H4,5,0
H4,6,0
H4,7,0
H4,8,0
H4,9,0
H4,10,0
H4,11,0
H4,12,0
H4,13,0
H4,14,0
H4,15,0
H4,16,0
H4,17,0
H4,18,0
H4,19,0
H4,20,0
H4,21,0
H4,22,0
H4,23,0
H4,24,0
H4,25,0
H4,26,0
H4,27,0
H4,28,0
H4,29,0
H4,30,0
H4,31,0
H4,32,0
H4,33,0
H4,34,0
H4,35,0
H4,36,0
H4,37,0
H4,38,0
H4,39,0
H4,40,0
H4,41,0
H4,42,0
H4,43,0
H4,44,0
H4,45,0
H4,46,0
H4,47,0
H4,48,0
H4,49,0
H4,50,0
H4,51,0
H4,52,0
H4,53,0
H4,54,0
H4,55,0
H4,56,0
H4,57,0
H4,58,0
H4,59,0
H4,60,0
H4,61,0
H4,62,0
H4,63,0
H4,64,0
H4,65,0
H4,66,0
H4,67,0
H4,68,0
H4,69,1
H4,70,0
H4,71,0
H4,72,1
H4,73,0
H4,74,1
H4,75,0
H4,76,1
H4,77,0
H4,78,0
H4,79,0
H4,80,0
H4,81,1
H4,82,1
H4,83,1
H4,84,1
H4,85,1
H4,86,1
H4,87,1
H4,88,1
H4,89,1
H4,90,1
H4,91,1
H4,92,1
H4,93,4
H4,94,1
H4,95,3
H4,96,3
H4,97,3
H4,98,3
H4,99,3
H4,100,3
H4,101,3
H4,102,3
H4,103,3
H4,104,3
H4,105,3
H4,106,3
H4,107,3
H4,108,3
H4,109,3
H4,110,3
H4,111,3
H4,112,3
H4,113,3
H4,114,3
H4,115,3
H4,116,3
H4,117,3
H4,118,3
H4,119,3
H4,120,3
H4,121,3
H4,122,3
H4,123,3
H4,124,3
H4,125,3
H4,126,3
H4,127,3
H4,128,3
H4,129,3
H4,130,3
H4,131,3
H4,132,3
H4,133,3
H4,134,4
H4,135,3
H4,136,4
H4,137,4
H4,138,4
H4,139,4
H4,140,4
H4,141,3
H4,142,3
H4,143,3
H4,144,3
H4,145,3
H4,146,3
H4,147,3
H4,148,3
H4,149,3
H4,150,3
H4,151,3
H4,152,3
H4,153,3
H4,154,3
H4,155,3
H4,156,3
H4,157,3
H4,158,3
H4,159,3
H4,160,3
H4,161,3
H4,162,3
H4,163,3
H4,164,3
H4,165,3
H4,166,3
H4,167,3
H4,168,3
H4,169,3
H4,170,3
H4,171,3
H4,172,3
H4,173,3
H4,174,3
H4,175,3
H4,176,3
H4,177,3
H4,178,3
H4,179,3
H4,180,3
H4,181,3
H4,182,4
H4,183,4
H4,184,4
H4,185,3
H4,186,4
H4,187,4
H4,188,4
H4,189,1
H4,190,4
H4,191,0
H4,192,0
H4,193,0
H4,194,0
H4,195,0
H4,196,0
H4,197,0
H4,198,0
H4,199,0
H4,200,0
H4,201,0
H4,202,0
H4,203,0
H4,204,0
H4,205,0
H4,206,0
H4,207,0
H4,208,0
H4,209,0
H4,210,0
H4,211,0
H4,212,0
H4,213,0
H4,214,0
H4,215,0
H4,216,0
H4,217,0
H4,218,0
H4,219,0
H4,220,0
H4,221,4
H4,222,0
H4,223,0
H4,224,0
H4,225,0
H4,226,0
H4,227,0
H4,228,0
H4,229,0
H4,230,0
H4,231,0
H4,232,0
H4,233,0
H4,234,0
H4,235,0
H4,236,0
H4,237,0
H4,238,0
H4,239,0
H4,240,0
H4,241,0
H4,242,0
H4,243,0
H4,244,0
H4,245,1
H4,246,0
H4,247,1
H4,248,1
H4,249,0
H4,250,0
H4,251,0
H4,252,0
H4,253,0
H4,254,0
H4,255,0
H4,256,1
H4,257,1
H4,258,1
H4,259,0
H4,260,1
H4,261,1
H4,262,0
H4,263,1
H4,264,1
H4,265,1
H4,266,1
H4,267,0
H4,268,0
H4,269,0
H4,270,0
H4,271,0
H4,272,0
H4,273,1
H4,274,1
H4,275,0
H4,276,4
H4,277,3
H4,278,1
H4,279,4
H4,280,4
H4,281,4
H4,282,1
H4,283,4
H4,284,4
H4,285,4
H4,286,1
H4,287,0
H4,288,4
H4,289,0
H4,290,4
H4,291,4
H4,292,1
H4,293,4
H4,294,4
H4,295,3
H4,296,4
H4,297,3
H4,298,3
H4,299,3
H4,300,3
H4,301,3
H4,302,3
H4,303,3
H4,304,3
H4,305,3
H4,306,3
H4,307,3
H4,308,3
H4,309,3
H4,310,3
H4,311,3
H4,312,0
H4,313,0
H4,314,0
H4,315,0
H4,316,0
H4,317,0
H4,318,0
H4,319,0
H4,320,0
H4,321,1
H4,322,1
H4,323,0
H4,324,0
H4,325,1
H4,326,1
H4,327,1
H4,328,1
H4,329,4
H4,330,4
H4,331,1
H4,332,4
H4,333,4
H4,334,4
H4,335,4
H4,336,4
H4,337,4
H4,338,4
H4,339,4
H4,340,2
H4,341,4
H4,342,4
H4,343,4
H4,344,4
H4,345,4
H4,346,4
H4,347,4
H4,348,4
H4,349,4
H4,350,4
H4,351,4
H4,352,4
H4,353,3
H4,354,3
H4,355,3
H4,356,4
H4,357,4
H4,358,3
H4,359,4
H4,360,3
H4,361,3
H4,362,3
H4,363,4
H4,364,3
H4,365,3
H4,366,4
H4,367,4
H4,368,3
H4,369,3
H4,370,3
H4,371,3
H4,372,3
H4,373,3
H4,374,3
H4,375,4
H4,376,3
H4,377,4
H4,378,3
H4,379,3
H4,380,3
H4,381,3
H4,382,3
H4,383,3
H4,384,3
H4,385,3
H4,386,3
H4,387,3
H4,388,3
H4,389,3
H4,390,0
H4,391,4
H4,392,2
H4,393,4
H4,394,4
H4,395,4
H4,396,4
H4,397,4
H4,398,4
H4,399,4
H4,400,4
H4,401,3
H4,402,3
H4,403,3
H4,404,3
H4,405,3
H4,406,3
H4,407,3
H4,408,3
H4,409,3
H4,410,3
H4,411,3
H4,412,3
H4,413,3
H4,414,3
H4,415,3
H4,416,3
H4,417,3
H4,418,3
H4,419,3
H4,420,3
H4,421,3
H4,422,3
H4,423,3
H4,424,3
H4,425,3
H4,426,3
H4,427,3
H4,428,3
H4,429,3
H4,430,3
H4,431,3
H4,432,3
H4,433,4
H4,434,3
H4,435,3
H4,436,3
H4,437,3
H4,438,3
H4,439,3
H4,440,3
H4,441,3
H4,442,3
H4,443,3
H4,444,3
H4,445,4
H4,446,4
H4,447,1
H4,448,1
H4,449,4
H4,450,4
H4,451,1
H4,452,1
H4,453,1
H4,454,1
H4,455,4
H4,456,1
H4,457,1
H4,458,1
H4,459,0
H4,460,0
H4,461,0
H4,462,0
H4,463,0
H4,464,0
H4,465,0
H4,466,0
H4,467,0
H4,468,0
H4,469,0
H4,470,0
H4,471,0
H4,472,4
H4,473,0
H4,474,0
H4,475,0
H4,476,0
H4,477,0
H4,478,4
H4,479,0
H4,480,0
H4,481,0
H4,482,0
H4,483,0
H4,484,0
H4,485,0
H4,486,0
H4,487,0
H4,488,0
H4,489,0
H4,490,0
H4,491,0
H4,492,0
H4,493,0
H4,494,0
H4,495,0
H4,496,0
H4,497,0
H4,498,0
H4,499,0
H4,500,0
H4,501,0
H4,502,0
H4,503,0
H4,504,0
H4,505,0
H4,506,0
H4,507,0
H4,508,0
H4,509,0
H4,510,0
H4,511,0
H4,512,0
H4,513,0
H4,514,0
H4,515,0
H4,516,0
H4,517,0
H4,518,0
H4,519,0
H4,520,0
H4,521,0
H4,522,0
H4,523,4
H4,524,0
H4,525,0
H4,526,0
H4,527,0
H4,528,1
H4,529,1
H4,530,0
H4,531,0
H4,532,0
H4,533,0
H4,534,1
H4,535,1
H4,536,1
H4,537,0
H4,538,0
H4,539,0
H4,540,1
H4,541,4
H4,542,0
H4,543,0
H4,544,0
H4,545,0
H4,546,1
H4,547,0
H4,548,0
H4,549,1
H4,550,0
H4,551,0
H4,552,0
H4,553,1
H4,554,1
H4,555,0
H4,556,1
H4,557,0
H4,558,1
H4,559,0
H4,560,1
H4,561,1
H4,562,0
H4,563,1
H4,564,1
H4,565,4
H4,566,4
H4,567,1
H4,568,4
H4,569,1
H4,570,1
H4,571,4
H4,572,0
H4,573,4
H4,574,4
H4,575,1
H4,576,1
H4,577,4
H4,578,4
H4,579,4
H4,580,4
H4,581,4
H4,582,4
H4,583,4
H4,584,1
H4,585,4
H4,586,4
H4,587,4
H4,588,4
H4,589,4
H4,590,4
H4,591,4
H4,592,4
H4,593,1
H4,594,4
H4,595,4
H4,596,4
H4,597,4
H4,598,4
H4,599,4
H4,600,3
H4,601,3
H4,602,4
H4,603,4
H4,604,3
H4,605,0
H4,606,0
H4,607,0
H4,608,0
H4,609,0
H4,610,0
H4,611,0
H4,612,0
H4,613,0
H4,614,0
H4,615,0
H4,616,0
H4,617,0
H4,618,0
H4,619,1
H4,620,0
H4,621,1
H4,622,1
H4,623,0
H4,624,1
H4,625,1
H4,626,0
H4,627,0
H4,628,4
H4,629,1
H4,630,0
H4,631,0
H4,632,0
H4,633,1
H4,634,4
H4,635,1
H4,636,4
H4,637,1
H4,638,4
H4,639,4
H4,640,4
H4,641,1
H4,642,4
H4,643,1
H4,644,4
H4,645,1
H4,646,4
H4,647,1
H4,648,4
H4,649,4
H4,650,4
H4,651,4
H4,652,4
H4,653,1
H4,654,4
H4,655,4
H4,656,4
H4,657,4
H4,658,4
H4,659,4
H4,660,4
H4,661,4
H4,662,4
H4,663,4
H4,664,4
H4,665,4
H4,666,0
H4,667,1
H4,668,4
H4,669,4
H4,670,4
H4,671,4
H4,672,4
H4,673,4
H4,674,4
H4,675,4
H4,676,0
H4,677,0
H4,678,1
H4,679,4
H4,680,4
H4,681,4
H4,682,4
H4,683,4
H4,684,4
H4,685,4
H4,686,4
H4,687,4
H4,688,4
H4,689,4
H4,690,4
H4,691,4
H4,692,4
H4,693,4
H4,694,4
H4,695,4
H4,696,3
H4,697,3
H4,698,3
H4,699,4
H4,700,3
H4,701,3
H4,702,4
H4,703,1
H4,704,0
H4,705,1
H4,706,1
H4,707,1
H4,708,1
H4,709,0
H4,710,0
H4,711,0
H4,712,1
H4,713,4
H4,714,4
H4,715,4
H4,716,1
H4,717,4
H4,718,4
H4,719,4
H4,720,4
H4,721,4
H4,722,4
H4,723,4
H4,724,4
H4,725,1
H4,726,4
H4,727,1
H4,728,1
H4,729,1
H4,730,4
H4,731,4
H4,732,0
H4,733,0
H4,734,0
H4,735,1
H4,736,0
H4,737,0
H4,738,0
H4,739,4
H4,740,0
H4,741,0
H4,742,0
H4,743,0
H4,744,0
H4,745,0
H4,746,0
H4,747,0
H4,748,0
H4,749,0
H4,750,0
H4,751,0
H4,752,0
H4,753,0
H4,754,0
H4,755,0
H4,756,4
H4,757,0
H4,758,0
H4,759,0
H4,760,0
H4,761,0
H4,762,0
H4,763,1
H4,764,0
H4,765,0
H4,766,0
H4,767,0
H4,768,0
H4,769,4
H4,770,0
H4,771,0
H4,772,0
H4,773,0
H4,774,0
H4,775,0
H4,776,0
H4,777,1
H4,778,0
H4,779,0
H4,780,1
H4,781,0
H4,782,4
H4,783,1
H4,784,0
H4,785,0
H4,786,0
H4,787,0
H4,788,0
H4,789,0
H4,790,0
H4,791,0
H4,792,0
H4,793,0
H4,794,1
H4,795,1
H4,796,0
H4,797,0
H4,798,0
H4,799,0
H4,800,0
H4,801,1
H4,802,0
H4,803,0
H4,804,0
H4,805,0
H4,806,4
H4,807,0
H4,808,0
H4,809,0
H4,810,0
H4,811,4
H4,812,0
H4,813,4
H4,814,0
H4,815,0
H4,816,0
H4,817,0
H4,818,1
H4,819,0
H4,820,1
H4,821,0
H4,822,1
H4,823,0
H4,824,1
H4,825,0
H4,826,1
H4,827,1
H4,828,1
H4,829,1
H4,830,1
H4,831,1
H4,832,1
H4,833,1
H4,834,0
H4,835,4
H4,836,1
H4,837,4
H4,838,1
H4,839,1
H4,840,1
H4,841,4
H4,842,4
H4,843,4
H4,844,1
H4,845,4
H4,846,4
H4,847,4
H4,848,4
H4,849,3
H4,850,4
H4,851,4
H4,852,4
H4,853,4
H4,854,3
H4,855,4
H4,856,4
H4,857,4
H4,858,4
H4,859,3
H4,860,3
H4,861,3
H4,862,3
H4,863,3
H4,864,4
H4,865,3
H4,866,3
H4,867,3
H4,868,3
H4,869,3
H4,870,3
H4,871,0
H4,872,0
H4,873,0
H4,874,0
H4,875,0
H4,876,0
H4,877,0
H4,878,0
H4,879,0
H4,880,0
H4,881,0
H4,882,0
H4,883,0
H4,884,0
H4,885,0
H4,886,0
H4,887,0
H4,888,1
H4,889,0
H4,890,0
H4,891,0
H4,892,0
H4,893,0
H4,894,0
H4,895,0
H4,896,1
H4,897,1
H4,898,4
H4,899,1
H4,900,0
H4,901,1
H4,902,0
H4,903,1
H4,904,0
H4,905,0
H4,906,0
H4,907,1
H4,908,0
H4,909,0
H4,910,0
H4,911,0
H4,912,0
H4,913,0
H4,914,0
H4,915,0
H4,916,0
H4,917,1
H4,918,0
H4,919,0
H4,920,1
H4,921,0
H4,922,0
H4,923,0
H4,924,1
H4,925,1
H4,926,1
H4,927,4
H4,928,1
H4,929,1
H4,930,1
H4,931,0
H4,932,1
H4,933,0
H4,934,4
H4,935,1
H4,936,0
H4,937,4
H4,938,1
H4,939,4
H4,940,1
H4,941,1
H4,942,0
H4,943,0
H4,944,0
H4,945,0
H4,946,4
H4,947,1
H4,948,1
H4,949,0
H4,950,4
H4,951,0
H4,952,0
H4,953,0
H4,954,1
H4,955,1
H4,956,0
H4,957,0
H4,958,0
H4,959,0
H4,960,1
H4,961,1
H4,962,4
H4,963,0
H4,964,4
H4,965,1
H4,966,4
H4,967,0
H4,968,4
H4,969,4
H4,970,1
H4,971,1
H4,972,1
H4,973,0
H4,974,4
H4,975,4
H4,976,4
H4,977,0
H4,978,4
H4,979,4
H4,980,4
H4,981,3
H4,982,1
H4,983,1
H4,984,1
H4,985,4
H4,986,1
H4,987,0
H4,988,1
H4,989,1
H4,990,4
H4,991,1
H4,992,1
H4,993,0
H4,994,4
H4,995,4
H4,996,4
H4,997,4
H4,998,1
H4,999,0
H4,1000,4
H4,1001,1
H4,1002,4
H4,1003,4
H4,1004,4
H4,1005,4
H4,1006,3
H4,1007,4
H4,1008,4
H4,1009,4
H4,1010,0
H4,1011,4
H4,1012,4
H4,1013,1
H4,1014,4
H4,1015,0
H4,1016,4
H4,1017,1
H4,1018,0
H4,1019,4
H4,1020,4
H4,1021,1
H4,1022,4
H4,1023,1
H4,1024,0
H4,1025,1
H4,1026,1
H4,1027,4
H4,1028,1
H4,1029,0
H4,1030,0
H4,1031,0
H4,1032,0
H4,1033,0
H4,1034,0
H4,1035,0
H4,1036,0
H4,1037,0
H4,1038,0
H4,1039,0
H4,1040,0
H4,1041,0
H4,1042,0
H4,1043,0
H4,1044,0
H4,1045,0
H4,1046,0
H4,1047,0
H4,1048,0
H4,1049,0
H4,1050,0
H4,1051,0
H4,1052,0
H4,1053,0
H4,1054,0
H4,1055,0
H4,1056,0
H4,1057,0
H4,1058,0
H4,1059,0
H4,1060,0
H4,1061,0
H4,1062,0
H4,1063,0
H4,1064,0
H4,1065,0
H4,1066,0
H4,1067,0
H5,0,3
H5,1,3
H5,2,3
H5,3,3
H5,4,3
H5,5,3
H5,6,3
H5,7,3
H5,8,3
H5,9,3
H5,10,3
H5,11,3
H5,12,3
H5,13,3
H5,14,3
H5,15,3
H5,16,2
H5,17,2
H5,18,2
H5,19,2
H5,20,3
H5,21,2
H5,22,3
H5,23,3
H5,24,3
H5,25,3
H5,26,3
H5,27,3
H5,28,3
H5,29,3
H5,30,3
H5,31,3
H5,32,3
H5,33,3
H5,34,3
H5,35,3
H5,36,3
H5,37,3
H5,38,3
H5,39,3
H5,40,3
H5,41,3
H5,42,3
H5,43,3
H5,44,3
H5,45,3
H5,46,3
H5,47,3
H5,48,2
H5,49,2
H5,50,2
H5,51,2
H5,52,2
H5,53,3
H5,54,3
H5,55,3
H5,56,3
H5,57,3
H5,58,3
H5,59,3
H5,60,2
H5,61,2
H5,62,2
H5,63,2
H5,64,2
H5,65,2
H5,66,2
H5,67,2
H5,68,3
H5,69,2
H5,70,2
H5,71,2
H5,72,2
H5,73,2
H5,74,1
H5,75,2
H5,76,2
H5,77,2
H5,78,2
H5,79,2
H5,80,2
H5,81,2
H5,82,2
H5,83,2
H5,84,2
H5,85,2
H5,86,4
H5,87,2
H5,88,2
H5,89,2
H5,90,2
H5,91,2
H5,92,2
H5,93,2
H5,94,2
H5,95,1
H5,96,1
H5,97,1
H5,98,2
H5,99,2
H5,100,2
H5,101,2
H5,102,2
H5,103,2
H5,104,2
H5,105,2
H5,106,2
H5,107,4
H5,108,2
H5,109,2
H5,110,2
H5,111,2
H5,112,2
H5,113,2
H5,114,2
H5,115,2
H5,116,2
H5,117,2
H5,118,2
H5,119,2
H5,120,2
H5,121,3
H5,122,2
H5,123,3
H5,124,3
H5,125,3
H5,126,3
H5,127,3
H5,128,3
H5,129,2
H5,130,2
H5,131,2
H5,132,2
H5,133,2
H5,134,2
H5,135,3
H5,136,2
H5,137,2
H5,138,2
H5,139,2
H5,140,2
H5,141,2
H5,142,2
H5,143,0
H5,144,1
H5,145,2
H5,146,2
H5,147,2
H5,148,2
H5,149,2
H5,150,2
H5,151,2
H5,152,2
H5,153,4
H5,154,1
H5,155,4
H5,156,4
H5,157,1
H5,158,1
H5,159,1
H5,160,1
H5,161,1
H5,162,1
H5,163,0
H5,164,1
H5,165,1
H5,166,4
H5,167,1
H5,168,4
H5,169,1
H5,170,4
H5,171,4
H5,172,4
H5,173,4
H5,174,0
H5,175,0
H5,176,4
H5,177,4
H5,178,4
H5,179,4
H5,180,4
H5,181,4
H5,182,4
H5,183,1
H5,184,1
H5,185,1
H5,186,1
H5,187,1
H5,188,4
H5,189,4
H5,190,4
H5,191,1
H5,192,4
H5,193,4
H5,194,1
H5,195,1
H5,196,0
H5,197,1
H5,198,4
H5,199,4
H5,200,4
H5,201,4
H5,202,4
H5,203,4
H5,204,4
H5,205,4
H5,206,4
H5,207,4
H5,208,4
H5,209,4
H5,210,4
H5,211,4
H5,212,0
H5,213,1
H5,214,1
H5,215,4
H5,216,4
H5,217,4
H5,218,4
H5,219,1
H5,220,1
H5,221,1
H5,222,2
H5,223,4
H5,224,0
H5,225,1
H5,226,2
H5,227,2
H5,228,2
H5,229,2
H5,230,0
H5,231,1
H5,232,2
H5,233,1
H5,234,1
H5,235,2
H5,236,2
H5,237,2
H5,238,1
H5,239,1
H5,240,1
H5,241,1
H5,242,1
H5,243,1
H5,244,2
H5,245,2
H5,246,2
H5,247,2
H5,248,2
H5,249,2
H5,250,2
H5,251,2
H5,252,2
H5,253,2
H5,254,2
H5,255,2
H5,256,2
H5,257,2
H5,258,2
H5,259,2
H5,260,2
H5,261,3
H5,262,2
H5,263,2
H5,264,2
H5,265,2
H5,266,2
H5,267,3
H5,268,3
H5,269,3
H5,270,2
H5,271,3
H5,272,3
H5,273,3
H5,274,3
H5,275,3
H5,276,3
H5,277,3
H5,278,3
H5,279,3
H5,280,3
H5,281,3
H5,282,3
H5,283,3
H5,284,3
H5,285,3
H5,286,3
H5,287,3
H5,288,3
H5,289,3
H5,290,3
H5,291,3
H5,292,3
H5,293,3
H5,294,3
H5,295,3
H5,296,3
H5,297,3
H5,298,3
H5,299,3
H5,300,3
H5,301,2
H5,302,2
H5,303,3
H5,304,3
H5,305,3
H5,306,3
H5,307,3
H5,308,3
H5,309,3
H5,310,2
H5,311,3
H5,312,3
H5,313,3
H5,314,3
H5,315,3
H5,316,3
H5,317,3
H5,318,3
H5,319,3
H5,320,3
H5,321,3
H5,322,3
H5,323,3
H5,324,3
H5,325,3
H5,326,3
H5,327,3
H5,328,3
H5,329,3
H5,330,3
H5,331,3
H5,332,3
H5,333,3
H5,334,3
H5,335,3
H5,336,3
H5,337,3
H5,338,3
H5,339,3
H5,340,3
H5,341,3
H5,342,3
H5,343,3
H5,344,3
H5,345,3
H5,346,3
H5,347,3
H5,348,3
H5,349,3
H5,350,3
H5,351,3
H5,352,3
H5,353,3
H5,354,3
H5,355,3
H5,356,3
H5,357,2
H5,358,2
H5,359,2
H5,360,2
H5,361,2
H5,362,2
H5,363,1
H5,364,2
H5,365,2
H5,366,2
H5,367,2
H5,368,2
H5,369,2
H5,370,2
H5,371,2
H5,372,2
H5,373,2
H5,374,2
H5,375,2
H5,376,2
H5,377,2
H5,378,1
H5,379,2
H5,380,2
H5,381,2
H5,382,2
H5,383,2
H5,384,2
H5,385,2
H5,386,4
H5,387,4
H5,388,2
H5,389,2
H5,390,4
H5,391,0
H5,392,0
H5,393,2
H5,394,0
H5,395,2
H5,396,2
H5,397,2
H5,398,2
H5,399,4
H5,400,1
H5,401,2
H5,402,2
H5,403,2
H5,404,2
H5,405,0
H5,406,1
H5,407,1
H5,408,0
H5,409,0
H5,410,4
H5,411,2
H5,412,2
H5,413,0
H5,414,0
H5,415,2
H5,416,0
H5,417,2
H5,418,2
H5,419,1
H5,420,2
H5,421,2
H5,422,2
H5,423,2
H5,424,2
H5,425,2
H5,426,1
H5,427,2
H5,428,2
H5,429,2
H5,430,2
H5,431,2
H5,432,2
H5,433,2
H5,434,1
H5,435,1
H5,436,1
H5,437,2
H5,438,2
H5,439,1
H5,440,2
H5,441,2
H5,442,2
H5,443,2
H5,444,2
H5,445,2
H5,446,2
H5,447,2
H5,448,2
H5,449,2
H5,450,2
H5,451,2
H5,452,2
H5,453,2
H5,454,2
H5,455,2
H5,456,2
H5,457,2
H5,458,2
H5,459,2
H5,460,2
H5,461,2
H5,462,2
H5,463,2
H5,464,2
H5,465,2
H5,466,2
H5,467,1
H5,468,1
H5,469,1
H5,470,1
H5,471,1
H5,472,1
H5,473,1
H5,474,1
H5,475,2
H5,476,2
H5,477,2
H5,478,2
H5,479,2
H5,480,2
H5,481,2
H5,482,2
H5,483,2
H5,484,2
H5,485,2
H5,486,2
H5,487,2
H5,488,1
H5,489,2
H5,490,0
H5,491,2
H5,492,2
H5,493,2
H5,494,2
H5,495,2
H5,496,2
H5,497,2
H5,498,2
H5,499,4
H5,500,2
H5,501,0
H5,502,1
H5,503,1
H5,504,1
H5,505,0
H5,506,2
H5,507,2
H5,508,2
H5,509,1
H5,510,2
H5,511,2
H5,512,2
H5,513,2
H5,514,2
H5,515,2
H5,516,2
H5,517,2
H5,518,2
H5,519,2
H5,520,2
H5,521,2
H5,522,2
H5,523,2
H5,524,2
H5,525,2
H5,526,2
H5,527,2
H5,528,2
H5,529,2
H5,530,2
H5,531,2
H5,532,2
H5,533,2
H5,534,2
H5,535,2
H5,536,2
H5,537,2
H5,538,2
H5,539,2
H5,540,2
H5,541,2
H5,542,2
H5,543,2
H5,544,1
H5,545,1
H5,546,1
H5,547,4
H5,548,1
H5,549,1
H5,550,2
H5,551,0
H5,552,0
H5,553,0
H5,554,4
H5,555,0
H5,556,1
H5,557,4
H5,558,4
H5,559,4
H5,560,4
H5,561,4
H5,562,4
H5,563,0
H5,564,0
H5,565,1
H5,566,2
H5,567,2
H5,568,2
H5,569,1
H5,570,4
H5,571,1
H5,572,4
H5,573,4
H5,574,4
H5,575,4
H5,576,4
H5,577,4
H5,578,4
H5,579,4
H5,580,4
H5,581,4
H5,582,4
H5,583,4
H5,584,4
H5,585,0
H5,586,0
H5,587,1
H5,588,1
H5,589,4
H5,590,4
H5,591,4
H5,592,4
H5,593,1
H5,594,0
H5,595,0
H5,596,0
H5,597,0
H5,598,0
H5,599,0
H5,600,0
H5,601,0
H5,602,1
H5,603,1
H5,604,0
H5,605,1
H5,606,0
H5,607,0
H5,608,1
H5,609,0
H5,610,1
H5,611,1
H5,612,0
H5,613,1
H5,614,0
H5,615,0
H5,616,1
H5,617,0
H5,618,0
H5,619,1
H5,620,0
H5,621,1
H5,622,1
H5,623,1
H5,624,0
H5,625,1
H5,626,0
H5,627,1
H5,628,1
H5,629,0
H5,630,0
H5,631,0
H5,632,1
H5,633,0
H5,634,1
H5,635,1
H5,636,1
H5,637,1
H5,638,0
H5,639,1
H5,640,1
H5,641,1
H5,642,1
H5,643,1
H5,644,1
H5,645,1
H5,646,1
H5,647,1
H5,648,1
H5,649,1
H5,650,1
H5,651,1
H5,652,1
H5,653,1
H5,654,1
H5,655,1
H5,656,1
H5,657,0
H5,658,1
H5,659,1
H5,660,1
H5,661,0
H5,662,0
H5,663,1
H5,664,1
H5,665,1
H5,666,1
H5,667,1
H5,668,1
H5,669,1
H5,670,1
H5,671,1
H5,672,1
H5,673,1
H5,674,0
H5,675,0
H5,676,0
H5,677,0
H5,678,1
H5,679,1
H5,680,1
H5,681,1
H5,682,0
H5,683,0
H5,684,1
H5,685,1
H5,686,0
H5,687,1
H5,688,1
H5,689,1
H5,690,1
H5,691,1
H5,692,0
H5,693,1
H5,694,0
H5,695,1
H5,696,1
H5,697,0
H5,698,1
H5,699,0
H5,700,1
H5,701,1
H5,702,1
H5,703,1
H5,704,1
H5,705,1
H5,706,1
H5,707,1
H5,708,1
H5,709,1
H5,710,1
H5,711,1
H5,712,1
H5,713,1
H5,714,1
H5,715,2
H5,716,1
H5,717,2
H5,718,2
H5,719,1
H5,720,2
H5,721,2
H5,722,2
H5,723,2
H5,724,1
H5,725,2
H5,726,2
H5,727,2
H5,728,0
H5,729,1
H5,730,2
H5,731,2
H5,732,2
H5,733,2
H5,734,2
H5,735,2
H5,736,1
H5,737,1
H5,738,2
H5,739,2
H5,740,2
H5,741,2
H5,742,2
H5,743,2
H5,744,2
H5,745,1
H5,746,2
H5,747,2
H5,748,2
H5,749,2
H5,750,2
H5,751,2
H5,752,2
H5,753,2
H5,754,2
H5,755,2
H5,756,2
H5,757,2
H5,758,2
H5,759,2
H5,760,1
H5,761,2
H5,762,2
H5,763,2
H5,764,2
H5,765,2
H5,766,2
H5,767,2
H5,768,2
H5,769,2
H5,770,2
H5,771,2
H5,772,2
H5,773,2
H5,774,2
H5,775,3
H5,776,2
H5,777,2
H5,778,2
H5,779,2
H5,780,2
H5,781,2
H5,782,2
H5,783,2
H5,784,2
H5,785,3
H5,786,3
H5,787,3
H5,788,2
H5,789,2
H5,790,2
H5,791,2
H5,792,2
H5,793,2
H5,794,2
H5,795,2
H5,796,2
H5,797,2
H5,798,3
H5,799,2
H5,800,2
H5,801,3
H5,802,3
H5,803,3
H5,804,3
H5,805,3
H5,806,3
H5,807,3
H5,808,3
H5,809,3
H5,810,3
H5,811,3
H5,812,3
H5,813,3
H5,814,3
H5,815,3
H5,816,3
H5,817,3
H5,818,3
H5,819,0
H5,820,1
H5,821,2
H5,822,2
H5,823,2
H5,824,2
H5,825,1
H5,826,2
H5,827,2
H5,828,1
H5,829,2
H5,830,2
H5,831,2
H5,832,2
H5,833,2
H5,834,2
H5,835,2
H5,836,2
H5,837,2
H5,838,2
H5,839,2
H5,840,2
H5,841,2
H5,842,1
H5,843,2
H5,844,2
H5,845,4
H5,846,4
H5,847,1
H5,848,1
H5,849,2
H5,850,1
H5,851,1
H5,852,0
H5,853,4
H5,854,0
H5,855,1
H5,856,1
H5,857,0
H5,858,4
H5,859,1
H5,860,4
H5,861,4
H5,862,0
H5,863,1
H5,864,1
H5,865,4
H5,866,0
H5,867,4
H5,868,4
H5,869,4
H5,870,1
H5,871,4
H5,872,4
H5,873,4
H5,874,0
H5,875,1
H5,876,4
H5,877,4
H5,878,4
H5,879,4
H5,880,1
H5,881,4
H5,882,4
H5,883,4
H5,884,1
H5,885,1
H5,886,1
H5,887,1
H5,888,1
H5,889,1
H5,890,1
H5,891,1
H5,892,1
H5,893,1
H5,894,2
H5,895,2
H5,896,2
H5,897,2
H5,898,1
H5,899,2
H5,900,1
H5,901,1
H5,902,2
H5,903,2
H5,904,2
H5,905,4
H5,906,1
H5,907,1
H5,908,1
H5,909,2
H5,910,2
H5,911,1
H5,912,1
H5,913,0
H5,914,0
H5,915,0
H5,916,0
H5,917,0
H5,918,0
H5,919,0
H5,920,0
H5,921,0
H5,922,0
H5,923,0
H5,924,0
H5,925,0
H5,926,0
H5,927,0
H5,928,0
H5,929,0
H5,930,0
H5,931,0
H5,932,0
H5,933,0
H5,934,0
H5,935,0
H5,936,0
H5,937,0
H5,938,0
H5,939,0
H5,940,0
H5,941,0
H5,942,0
H5,943,0
H5,944,0
H5,945,0
H5,946,0
H5,947,0
H5,948,0
H5,949,0
H5,950,0
H5,951,0
H5,952,0
H5,953,0
H5,954,0
H5,955,0
H5,956,0
H5,957,0
H5,958,0
H5,959,0
H5,960,0
H5,961,0
H5,962,0
H5,963,0
H5,964,0
H5,965,0
H5,966,0
H5,967,0
H5,968,0
H5,969,0
H5,970,0
H5,971,0
H5,972,0
H5,973,0
H5,974,0
H5,975,0
H5,976,0
H5,977,0
H5,978,0
H5,979,0
H5,980,0
H5,981,0
H5,982,0
H5,983,0
H5,984,0
H5,985,0
H5,986,0
H5,987,0
H5,988,0
H5,989,0
H5,990,0
H5,991,0
H5,992,0
H5,993,0
H5,994,0
H5,995,0
H5,996,0
H5,997,0
H5,998,0
H5,999,0
H5,1000,0
H5,1001,0
H5,1002,0
H5,1003,0
H5,1004,0
H5,1005,0
H5,1006,0
H5,1007,0
H5,1008,0
H5,1009,0
H5,1010,0
H5,1011,0
H5,1012,0
H5,1013,0
H5,1014,0
H5,1015,0
H5,1016,0
H5,1017,0
H6,0,0
H6,1,1
H6,2,0
H6,3,0
H6,4,0
H6,5,0
H6,6,0
H6,7,0
H6,8,0
H6,9,0
H6,10,0
H6,11,0
H6,12,0
H6,13,0
H6,14,0
H6,15,0
H6,16,1
H6,17,0
H6,18,0
H6,19,0
H6,20,1
H6,21,0
H6,22,0
H6,23,0
H6,24,4
H6,25,0
H6,26,0
H6,27,0
H6,28,0
H6,29,0
H6,30,1
H6,31,0
H6,32,0
H6,33,0
H6,34,0
H6,35,0
H6,36,0
H6,37,2
H6,38,2
H6,39,0
H6,40,0
H6,41,0
H6,42,0
H6,43,0
H6,44,0
H6,45,1
H6,46,1
H6,47,0
H6,48,0
H6,49,0
H6,50,0
H6,51,2
H6,52,2
H6,53,0
H6,54,0
H6,55,0
H6,56,0
H6,57,0
H6,58,0
H6,59,0
H6,60,0
H6,61,0
H6,62,0
H6,63,0
H6,64,0
H6,65,0
H6,66,0
H6,67,0
H6,68,0
H6,69,0
H6,70,0
H6,71,0
H6,72,0
H6,73,0
H6,74,0
H6,75,0
H6,76,0
H6,77,0
H6,78,0
H6,79,0
H6,80,0
H6,81,0
H6,82,0
H6,83,1
H6,84,0
H6,85,1
H6,86,1
H6,87,1
H6,88,1
H6,89,0
H6,90,1
H6,91,1
H6,92,1
H6,93,1
H6,94,2
H6,95,2
H6,96,2
H6,97,1
H6,98,2
H6,99,2
H6,100,2
H6,101,3
H6,102,2
H6,103,2
H6,104,1
H6,105,1
H6,106,1
H6,107,1
H6,108,1
H6,109,2
H6,110,2
H6,111,2
H6,112,2
H6,113,2
H6,114,2
H6,115,2
H6,116,3
H6,117,3
H6,118,2
H6,119,3
H6,120,3
H6,121,3
H6,122,3
H6,123,3
H6,124,3
H6,125,3
H6,126,3
H6,127,3
H6,128,3
H6,129,3
H6,130,3
H6,131,3
H6,132,3
H6,133,3
H6,134,3
H6,135,3
H6,136,3
H6,137,3
H6,138,3
H6,139,3
H6,140,3
H6,141,3
H6,142,3
H6,143,3
H6,144,3
H6,145,3
H6,146,3
H6,147,3
H6,148,3
H6,149,3
H6,150,3
H6,151,3
H6,152,3
H6,153,3
H6,154,3
H6,155,3
H6,156,3
H6,157,3
H6,158,3
H6,159,3
H6,160,3
H6,161,3
H6,162,3
H6,163,3
H6,164,3
H6,165,3
H6,166,3
H6,167,3
H6,168,3
H6,169,3
H6,170,3
H6,171,3
H6,172,3
H6,173,3
H6,174,3
H6,175,3
H6,176,3
H6,177,3
H6,178,3
H6,179,3
H6,180,3
H6,181,2
H6,182,2
H6,183,2
H6,184,2
H6,185,4
H6,186,2
H6,187,2
H6,188,2
H6,189,2
H6,190,2
H6,191,2
H6,192,2
H6,193,2
H6,194,2
H6,195,2
H6,196,4
H6,197,2
H6,198,2
H6,199,4
H6,200,2
H6,201,2
H6,202,1
H6,203,1
H6,204,2
H6,205,2
H6,206,2
H6,207,2
H6,208,2
H6,209,2
H6,210,2
H6,211,2
H6,212,2
H6,213,2
H6,214,2
H6,215,2
H6,216,2
H6,217,2
H6,218,2
H6,219,2
H6,220,2
H6,221,3
H6,222,3
H6,223,3
H6,224,3
H6,225,3
H6,226,3
H6,227,3
H6,228,3
H6,229,3
H6,230,3
H6,231,3
H6,232,3
H6,233,3
H6,234,3
H6,235,3
H6,236,3
H6,237,3
H6,238,3
H6,239,3
H6,240,3
H6,241,2
H6,242,2
H6,243,2
H6,244,3
H6,245,3
H6,246,3
H6,247,3
H6,248,3
H6,249,3
H6,250,3
H6,251,3
H6,252,3
H6,253,3
H6,254,3
H6,255,3
H6,256,3
H6,257,3
H6,258,3
H6,259,3
H6,260,3
H6,261,3
H6,262,3
H6,263,3
H6,264,3
H6,265,2
H6,266,3
H6,267,3
H6,268,3
H6,269,3
H6,270,3
H6,271,3
H6,272,3
H6,273,3
H6,274,3
H6,275,3
H6,276,3
H6,277,3
H6,278,3
H6,279,3
H6,280,3
H6,281,3
H6,282,3
H6,283,3
H6,284,3
H6,285,3
H6,286,3
H6,287,3
H6,288,3
H6,289,3
H6,290,3
H6,291,3
H6,292,3
H6,293,3
H6,294,3
H6,295,3
H6,296,3
H6,297,3
H6,298,3
H6,299,3
H6,300,3
H6,301,3
H6,302,2
H6,303,2
H6,304,3
H6,305,3
H6,306,3
H6,307,3
H6,308,2
H6,309,2
H6,310,2
H6,311,2
H6,312,2
H6,313,2
H6,314,3
H6,315,3
H6,316,3
H6,317,3
H6,318,3
H6,319,3
H6,320,3
H6,321,3
H6,322,3
H6,323,3
H6,324,2
H6,325,2
H6,326,2
H6,327,2
H6,328,2
H6,329,2
H6,330,4
H6,331,4
H6,332,2
H6,333,2
H6,334,4
H6,335,2
H6,336,2
H6,337,2
H6,338,4
H6,339,2
H6,340,2
H6,341,2
H6,342,2
H6,343,4
H6,344,2
H6,345,2
H6,346,2
H6,347,4
H6,348,2
H6,349,2
H6,350,2
H6,351,2
H6,352,2
H6,353,2
H6,354,2
H6,355,2
H6,356,2
H6,357,2
H6,358,2
H6,359,2
H6,360,2
H6,361,2
H6,362,2
H6,363,2
H6,364,2
H6,365,2
H6,366,2
H6,367,2
H6,368,2
H6,369,2
H6,370,2
H6,371,2
H6,372,2
H6,373,2
H6,374,2
H6,375,2
H6,376,2
H6,377,2
H6,378,2
H6,379,2
H6,380,2
H6,381,2
H6,382,0
H6,383,2
H6,384,2
H6,385,2
H6,386,2
H6,387,2
H6,388,2
H6,389,2
H6,390,2
H6,391,2
H6,392,2
H6,393,2
H6,394,2
H6,395,2
H6,396,2
H6,397,2
H6,398,2
H6,399,1
H6,400,0
H6,401,2
H6,402,2
H6,403,2
H6,404,2
H6,405,2
H6,406,2
H6,407,2
H6,408,3
H6,409,2
H6,410,2
H6,411,2
H6,412,2
H6,413,2
H6,414,2
H6,415,3
H6,416,2
H6,417,2
H6,418,2
H6,419,2
H6,420,2
H6,421,3
H6,422,2
H6,423,3
H6,424,2
H6,425,2
H6,426,3
H6,427,3
H6,428,2
H6,429,3
H6,430,2
H6,431,3
H6,432,3
H6,433,3
H6,434,3
H6,435,3
H6,436,3
H6,437,3
H6,438,3
H6,439,3
H6,440,3
H6,441,3
H6,442,3
H6,443,3
H6,444,3
H6,445,3
H6,446,3
H6,447,3
H6,448,3
H6,449,3
H6,450,3
H6,451,3
H6,452,3
H6,453,3
H6,454,3
H6,455,3
H6,456,3
H6,457,3
H6,458,3
H6,459,3
H6,460,3
H6,461,3
H6,462,3
H6,463,3
H6,464,3
H6,465,3
H6,466,3
H6,467,3
H6,468,3
H6,469,0
H6,470,0
H6,471,2
H6,472,2
H6,473,2
H6,474,2
H6,475,2
H6,476,2
H6,477,2
H6,478,2
H6,479,2
H6,480,2
H6,481,2
H6,482,2
H6,483,2
H6,484,2
H6,485,2
H6,486,2
H6,487,2
H6,488,2
H6,489,2
H6,490,2
H6,491,2
H6,492,3
H6,493,0
H6,494,0
H6,495,0
H6,496,1
H6,497,1
H6,498,2
H6,499,2
H6,500,2
H6,501,2
H6,502,2
H6,503,2
H6,504,2
H6,505,2
H6,506,2
H6,507,2
H6,508,2
H6,509,3
H6,510,3
H6,511,2
H6,512,2
H6,513,2
H6,514,2
H6,515,3
H6,516,2
H6,517,3
H6,518,3
H6,519,3
H6,520,3
H6,521,3
H6,522,2
H6,523,2
H6,524,3
H6,525,2
H6,526,3
H6,527,1
H6,528,1
H6,529,2
H6,530,2
H6,531,2
H6,532,2
H6,533,2
H6,534,2
H6,535,2
H6,536,2
H6,537,2
H6,538,2
H6,539,2
H6,540,2
H6,541,2
H6,542,2
H6,543,2
H6,544,2
H6,545,3
H6,546,2
H6,547,2
H6,548,2
H6,549,2
H6,550,4
H6,551,2
H6,552,4
H6,553,2
H6,554,2
H6,555,1
H6,556,2
H6,557,4
H6,558,2
H6,559,4
H6,560,2
H6,561,2
H6,562,2
H6,563,4
H6,564,4
H6,565,4
H6,566,1
H6,567,2
H6,568,2
H6,569,4
H6,570,4
H6,571,2
H6,572,4
H6,573,1
H6,574,2
H6,575,2
H6,576,2
H6,577,4
H6,578,4
H6,579,2
H6,580,2
H6,581,2
H6,582,2
H6,583,2
H6,584,1
H6,585,2
H6,586,2
H6,587,1
H6,588,2
H6,589,2
H6,590,4
H6,591,2
H6,592,2
H6,593,2
H6,594,1
H6,595,4
H6,596,4
H6,597,4
H6,598,1
H6,599,1
H6,600,1
H6,601,1
H6,602,2
H6,603,2
H6,604,2
H6,605,2
H6,606,2
H6,607,2
H6,608,2
H6,609,2
H6,610,2
H6,611,2
H6,612,2
H6,613,2
H6,614,2
H6,615,2
H6,616,2
H6,617,2
H6,618,2
H6,619,2
H6,620,2
H6,621,2
H6,622,2
H6,623,2
H6,624,2
H6,625,2
H6,626,2
H6,627,2
H6,628,2
H6,629,2
H6,630,2
H6,631,2
H6,632,2
H6,633,2
H6,634,2
H6,635,2
H6,636,2
H6,637,2
H6,638,2
H6,639,2
H6,640,2
H6,641,2
H6,642,2
H6,643,2
H6,644,2
H6,645,2
H6,646,2
H6,647,2
H6,648,2
H6,649,2
H6,650,2
H6,651,2
H6,652,2
H6,653,2
H6,654,2
H6,655,2
H6,656,0
H6,657,0
H6,658,0
H6,659,0
H6,660,1
H6,661,2
H6,662,2
H6,663,1
H6,664,2
H6,665,2
H6,666,2
H6,667,2
H6,668,2
H6,669,2
H6,670,2
H6,671,2
H6,672,2
H6,673,2
H6,674,2
H6,675,2
H6,676,2
H6,677,2
H6,678,2
H6,679,2
H6,680,2
H6,681,2
H6,682,2
H6,683,2
H6,684,2
H6,685,2
H6,686,2
H6,687,2
H6,688,2
H6,689,2
H6,690,3
H6,691,2
H6,692,2
H6,693,2
H6,694,2
H6,695,2
H6,696,3
H6,697,2
H6,698,3
H6,699,3
H6,700,3
H6,701,3
H6,702,3
H6,703,3
H6,704,3
H6,705,3
H6,706,3
H6,707,3
H6,708,3
H6,709,3
H6,710,3
H6,711,3
H6,712,3
H6,713,3
H6,714,3
H6,715,3
H6,716,3
H6,717,3
H6,718,3
H6,719,3
H6,720,3
H6,721,3
H6,722,3
H6,723,3
H6,724,3
H6,725,3
H6,726,3
H6,727,3
H6,728,3
H6,729,3
H6,730,3
H6,731,3
H6,732,3
H6,733,3
H6,734,3
H6,735,3
H6,736,3
H6,737,3
H6,738,3
H6,739,3
H6,740,3
H6,741,3
H6,742,3
H6,743,3
H6,744,3
H6,745,3
H6,746,3
H6,747,3
H6,748,3
H6,749,3
H6,750,3
H6,751,3
H6,752,3
H6,753,3
H6,754,3
H6,755,2
H6,756,2
H6,757,2
H6,758,2
H6,759,2
H6,760,4
H6,761,4
H6,762,4
H6,763,4
H6,764,2
H6,765,4
H6,766,2
H6,767,4
H6,768,4
H6,769,4
H6,770,2
H6,771,2
H6,772,4
H6,773,4
H6,774,4
H6,775,2
H6,776,2
H6,777,4
H6,778,2
H6,779,4
H6,780,4
H6,781,4
H6,782,2
H6,783,4
H6,784,4
H6,785,4
H6,786,2
H6,787,4
H6,788,4
H6,789,4
H6,790,1
H6,791,1
H6,792,1
H6,793,2
H6,794,2
H6,795,2
H6,796,2
H6,797,2
H6,798,2
H6,799,4
H6,800,2
H6,801,4
H6,802,4
H6,803,2
H6,804,1
H6,805,2
H6,806,2
H6,807,2
H6,808,4
H6,809,2
H6,810,2
H6,811,4
H6,812,4
H6,813,1
H6,814,4
H6,815,2
H6,816,1
H6,817,2
H6,818,2
H6,819,2
H6,820,2
H6,821,2
H6,822,2
H6,823,2
H6,824,2
H6,825,4
H6,826,2
H6,827,2
H6,828,2
H6,829,2
H6,830,2
H6,831,1
H6,832,1
H6,833,0
H6,834,1
H6,835,2
H6,836,1
H6,837,1
H6,838,2
H6,839,2
H6,840,2
H6,841,2
H6,842,2
H6,843,2
H6,844,2
H6,845,2
H6,846,2
H6,847,1
H6,848,2
H6,849,4
H6,850,2
H6,851,2
H6,852,2
H6,853,0
H6,854,1
H6,855,1
H6,856,1
H6,857,0
H6,858,0
H6,859,0
H6,860,0
H6,861,0
H6,862,0
H6,863,0
H6,864,0
H6,865,0
H6,866,0
H6,867,0
H6,868,0
H6,869,0
H6,870,0
H6,871,0
H6,872,0
H6,873,0
H6,874,0
H6,875,0
H6,876,0
H6,877,0
H6,878,0
H6,879,0
H6,880,0
H6,881,0
H6,882,0
H6,883,0
H6,884,0
H6,885,0
H6,886,0
H6,887,0
H6,888,0
H6,889,0
H6,890,0
H6,891,0
H6,892,0
H6,893,0
H6,894,0
H6,895,0
H6,896,0
H6,897,0
H6,898,0
H6,899,0
H6,900,0
H6,901,0
H6,902,0
H6,903,0
H6,904,0
H6,905,0
H6,906,0
H6,907,0
H6,908,0
H6,909,0
H6,910,0
H6,911,0
H6,912,0
H6,913,0
H6,914,0
H6,915,0
H6,916,0
H6,917,0
H6,918,0
H6,919,0
H6,920,0
H6,921,0
H6,922,0
H6,923,0
H6,924,0
H6,925,0
H6,926,0
H6,927,0
H6,928,0
H6,929,0
H6,930,0
H6,931,0
H6,932,0
H6,933,0
H6,934,0
H6,935,0
H6,936,0
H6,937,0
H6,938,0
H6,939,0
H6,940,0
H6,941,0
H6,942,0
H6,943,0
H6,944,0
H6,945,0
H6,946,0
H6,947,0
H6,948,0
H6,949,0
H6,950,0
H6,951,0
H6,952,0
H6,953,0
H6,954,0
H6,955,0
H6,956,0
H6,957,0
H7,0,1
H7,1,1
H7,2,1
H7,3,2
H7,4,1
H7,5,2
H7,6,1
H7,7,1
H7,8,2
H7,9,2
H7,10,2
H7,11,2
H7,12,2
H7,13,2
H7,14,2
H7,15,2
H7,16,3
H7,17,2
H7,18,2
H7,19,2
H7,20,2
H7,21,2
H7,22,1
H7,23,0
H7,24,0
H7,25,0
H7,26,0
H7,27,0
H7,28,0
H7,29,0
H7,30,1
H7,31,0
H7,32,0
H7,33,0
H7,34,0
H7,35,1
H7,36,1
H7,37,0
H7,38,0
H7,39,0
H7,40,0
H7,41,0
H7,42,0
H7,43,1
H7,44,1
H7,45,1
H7,46,1
H7,47,0
H7,48,0
H7,49,0
H7,50,0
H7,51,0
H7,52,0
H7,53,0
H7,54,0
H7,55,0
H7,56,1
H7,57,1
H7,58,1
H7,59,0
H7,60,0
H7,61,0
H7,62,0
H7,63,1
H7,64,1
H7,65,1
H7,66,1
H7,67,1
H7,68,1
H7,69,1
H7,70,0
H7,71,0
H7,72,1
H7,73,0
H7,74,1
H7,75,1
H7,76,1
H7,77,0
H7,78,0
H7,79,0
H7,80,0
H7,81,0
H7,82,0
H7,83,0
H7,84,1
H7,85,0
H7,86,1
H7,87,1
H7,88,0
H7,89,0
H7,90,1
H7,91,2
H7,92,1
H7,93,1
H7,94,0
H7,95,1
H7,96,1
H7,97,0
H7,98,1
H7,99,1
H7,100,0
H7,101,1
H7,102,2
H7,103,0
H7,104,0
H7,105,2
H7,106,1
H7,107,0
H7,108,0
H7,109,1
H7,110,2
H7,111,0
H7,112,2
H7,113,2
H7,114,2
H7,115,2
H7,116,2
H7,117,2
H7,118,2
H7,119,2
H7,120,2
H7,121,2
H7,122,2
H7,123,3
H7,124,3
H7,125,3
H7,126,3
H7,127,3
H7,128,2
H7,129,3
H7,130,3
H7,131,3
H7,132,3
H7,133,3
H7,134,3
H7,135,3
H7,136,3
H7,137,3
H7,138,3
H7,139,3
H7,140,3
H7,141,3
H7,142,3
H7,143,3
H7,144,3
H7,145,3
H7,146,3
H7,147,3
H7,148,3
H7,149,3
H7,150,3
H7,151,3
H7,152,3
H7,153,3
H7,154,3
H7,155,2
H7,156,2
H7,157,2
H7,158,2
H7,159,3
H7,160,3
H7,161,3
H7,162,3
H7,163,3
H7,164,3
H7,165,3
H7,166,3
H7,167,3
H7,168,3
H7,169,3
H7,170,3
H7,171,3
H7,172,3
H7,173,3
H7,174,3
H7,175,3
H7,176,3
H7,177,3
H7,178,3
H7,179,3
H7,180,3
H7,181,3
H7,182,3
H7,183,3
H7,184,3
H7,185,3
H7,186,3
H7,187,3
H7,188,3
H7,189,3
H7,190,0
H7,191,2
H7,192,2
H7,193,2
H7,194,2
H7,195,2
H7,196,2
H7,197,3
H7,198,2
H7,199,3
H7,200,2
H7,201,3
H7,202,3
H7,203,3
H7,204,3
H7,205,3
H7,206,3
H7,207,3
H7,208,3
H7,209,3
H7,210,3
H7,211,3
H7,212,3
H7,213,3
H7,214,3
H7,215,3
H7,216,3
H7,217,3
H7,218,3
H7,219,4
H7,220,3
H7,221,2
H7,222,2
H7,223,0
H7,224,2
H7,225,2
H7,226,2
H7,227,2
H7,228,2
H7,229,2
H7,230,2
H7,231,2
H7,232,2
H7,233,3
H7,234,2
H7,235,2
H7,236,3
H7,237,3
H7,238,3
H7,239,2
H7,240,2
H7,241,2
H7,242,2
H7,243,2
H7,244,2
H7,245,1
H7,246,2
H7,247,2
H7,248,2
H7,249,4
H7,250,2
H7,251,0
H7,252,2
H7,253,1
H7,254,4
H7,255,1
H7,256,1
H7,257,2
H7,258,4
H7,259,4
H7,260,4
H7,261,1
H7,262,4
H7,263,1
H7,264,4
H7,265,4
H7,266,1
H7,267,4
H7,268,2
H7,269,1
H7,270,2
H7,271,2
H7,272,2
H7,273,2
H7,274,2
H7,275,2
H7,276,2
H7,277,2
H7,278,2
H7,279,2
H7,280,2
H7,281,0
H7,282,1
H7,283,1
H7,284,0
H7,285,1
H7,286,2
H7,287,1
H7,288,2
H7,289,2
H7,290,1
H7,291,2
H7,292,2
H7,293,2
H7,294,1
H7,295,4
H7,296,3
H7,297,2
H7,298,2
H7,299,2
H7,300,2
H7,301,2
H7,302,2
H7,303,3
H7,304,2
H7,305,2
H7,306,2
H7,307,2
H7,308,2
H7,309,2
H7,310,2
H7,311,2
H7,312,2
H7,313,3
H7,314,2
H7,315,3
H7,316,1
H7,317,2
H7,318,2
H7,319,2
H7,320,2
H7,321,2
H7,322,0
H7,323,1
H7,324,0
H7,325,1
H7,326,1
H7,327,1
H7,328,1
H7,329,1
H7,330,1
H7,331,1
H7,332,1
H7,333,2
H7,334,2
H7,335,3
H7,336,2
H7,337,2
H7,338,2
H7,339,2
H7,340,2
H7,341,2
H7,342,1
H7,343,2
H7,344,2
H7,345,2
H7,346,2
H7,347,2
H7,348,2
H7,349,2
H7,350,2
H7,351,3
H7,352,2
H7,353,2
H7,354,2
H7,355,2
H7,356,3
H7,357,3
H7,358,3
H7,359,3
H7,360,3
H7,361,3
H7,362,3
H7,363,3
H7,364,3
H7,365,3
H7,366,0
H7,367,2
H7,368,3
H7,369,2
H7,370,3
H7,371,2
H7,372,2
H7,373,2
H7,374,3
H7,375,3
H7,376,3
H7,377,3
H7,378,3
H7,379,3
H7,380,3
H7,381,3
H7,382,3
H7,383,3
H7,384,3
H7,385,3
H7,386,3
H7,387,3
H7,388,3
H7,389,3
H7,390,3
H7,391,3
H7,392,3
H7,393,3
H7,394,3
H7,395,3
H7,396,3
H7,397,3
H7,398,3
H7,399,3
H7,400,3
H7,401,3
H7,402,3
H7,403,3
H7,404,3
H7,405,3
H7,406,3
H7,407,2
H7,408,3
H7,409,2
H7,410,3
H7,411,2
H7,412,2
H7,413,2
H7,414,2
H7,415,2
H7,416,2
H7,417,2
H7,418,2
H7,419,2
H7,420,2
H7,421,2
H7,422,2
H7,423,2
H7,424,2
H7,425,2
H7,426,2
H7,427,2
H7,428,2
H7,429,2
H7,430,2
H7,431,2
H7,432,3
H7,433,3
H7,434,3
H7,435,3
H7,436,3
H7,437,3
H7,438,3
H7,439,3
H7,440,3
H7,441,3
H7,442,3
H7,443,3
H7,444,3
H7,445,3
H7,446,3
H7,447,3
H7,448,3
H7,449,3
H7,450,3
H7,451,3
H7,452,3
H7,453,3
H7,454,3
H7,455,3
H7,456,3
H7,457,3
H7,458,3
H7,459,3
H7,460,3
H7,461,3
H7,462,3
H7,463,3
H7,464,3
H7,465,3
H7,466,0
H7,467,1
H7,468,0
H7,469,1
H7,470,4
H7,471,2
H7,472,2
H7,473,4
H7,474,2
H7,475,3
H7,476,2
H7,477,2
H7,478,3
H7,479,2
H7,480,2
H7,481,3
H7,482,2
H7,483,2
H7,484,2
H7,485,2
H7,486,2
H7,487,3
H7,488,2
H7,489,2
H7,490,2
H7,491,1
H7,492,1
H7,493,2
H7,494,1
H7,495,4
H7,496,2
H7,497,2
H7,498,4
H7,499,1
H7,500,4
H7,501,1
H7,502,4
H7,503,4
H7,504,1
H7,505,4
H7,506,4
H7,507,4
H7,508,4
H7,509,4
H7,510,4
H7,511,4
H7,512,4
H7,513,4
H7,514,4
H7,515,4
H7,516,4
H7,517,1
H7,518,4
H7,519,4
H7,520,4
H7,521,4
H7,522,4
H7,523,1
H7,524,4
H7,525,1
H7,526,4
H7,527,4
H7,528,1
H7,529,0
H7,530,4
H7,531,4
H7,532,4
H7,533,4
H7,534,4
H7,535,4
H7,536,1
H7,537,1
H7,538,2
H7,539,4
H7,540,4
H7,541,1
H7,542,2
H7,543,2
H7,544,2
H7,545,2
H7,546,2
H7,547,2
H7,548,2
H7,549,2
H7,550,2
H7,551,2
H7,552,2
H7,553,2
H7,554,2
H7,555,2
H7,556,2
H7,557,2
H7,558,1
H7,559,2
H7,560,4
H7,561,2
H7,562,2
H7,563,2
H7,564,2
H7,565,2
H7,566,2
H7,567,2
H7,568,2
H7,569,2
H7,570,2
H7,571,2
H7,572,2
H7,573,2
H7,574,2
H7,575,2
H7,576,2
H7,577,2
H7,578,1
H7,579,2
H7,580,2
H7,581,2
H7,582,2
H7,583,2
H7,584,2
H7,585,2
H7,586,2
H7,587,2
H7,588,2
H7,589,2
H7,590,3
H7,591,3
H7,592,2
H7,593,3
H7,594,3
H7,595,2
H7,596,3
H7,597,3
H7,598,3
H7,599,3
H7,600,3
H7,601,2
H7,602,2
H7,603,3
H7,604,3
H7,605,2
H7,606,3
H7,607,3
H7,608,2
H7,609,0
H7,610,1
H7,611,1
H7,612,1
H7,613,2
H7,614,2
H7,615,2
H7,616,2
H7,617,2
H7,618,2
H7,619,2
H7,620,2
H7,621,3
H7,622,2
H7,623,2
H7,624,2
H7,625,2
H7,626,2
H7,627,2
H7,628,2
H7,629,2
H7,630,2
H7,631,2
H7,632,3
H7,633,1
H7,634,2
H7,635,2
H7,636,2
H7,637,2
H7,638,3
H7,639,2
H7,640,2
H7,641,2
H7,642,2
H7,643,2
H7,644,2
H7,645,2
H7,646,2
H7,647,3
H7,648,2
H7,649,2
H7,650,2
H7,651,0
H7,652,2
H7,653,2
H7,654,2
H7,655,0
H7,656,0
H7,657,0
H7,658,0
H7,659,1
H7,660,1
H7,661,1
H7,662,2
H7,663,2
H7,664,2
H7,665,2
H7,666,2
H7,667,2
H7,668,2
H7,669,2
H7,670,2
H7,671,2
H7,672,2
H7,673,2
H7,674,2
H7,675,2
H7,676,2
H7,677,2
H7,678,2
H7,679,2
H7,680,4
H7,681,4
H7,682,1
H7,683,4
H7,684,1
H7,685,4
H7,686,4
H7,687,4
H7,688,4
H7,689,4
H7,690,1
H7,691,4
H7,692,4
H7,693,4
H7,694,4
H7,695,4
H7,696,4
H7,697,4
H7,698,4
H7,699,4
H7,700,1
H7,701,4
H7,702,4
H7,703,4
H7,704,4
H7,705,4
H7,706,1
H7,707,4
H7,708,4
H7,709,4
H7,710,4
H7,711,4
H7,712,4
H7,713,4
H7,714,4
H7,715,4
H7,716,4
H7,717,4
H7,718,4
H7,719,4
H7,720,0
H7,721,4
H7,722,4
H7,723,4
H7,724,4
H7,725,4
H7,726,4
H7,727,4
H7,728,4
H7,729,4
H7,730,1
H7,731,4
H7,732,4
H7,733,4
H7,734,4
H7,735,4
H7,736,4
H7,737,4
H7,738,4
H7,739,4
H7,740,4
H7,741,4
H7,742,4
H7,743,4
H7,744,4
H7,745,4
H7,746,4
H7,747,4
H7,748,4
H7,749,4
H7,750,4
H7,751,4
H7,752,1
H7,753,4
H7,754,4
H7,755,4
H7,756,4
H7,757,4
H7,758,4
H7,759,4
H7,760,4
H7,761,4
H7,762,4
H7,763,4
H7,764,4
H7,765,4
H7,766,4
H7,767,4
H7,768,4
H7,769,4
H7,770,4
H7,771,4
H7,772,4
H7,773,4
H7,774,4
H7,775,4
H7,776,4
H7,777,4
H7,778,4
H7,779,4
H7,780,4
H7,781,4
H7,782,4
H7,783,4
H7,784,2
H7,785,2
H7,786,4
H7,787,2
H7,788,1
H7,789,2
H7,790,2
H7,791,2
H7,792,2
H7,793,2
H7,794,1
H7,795,2
H7,796,2
H7,797,2
H7,798,2
H7,799,2
H7,800,2
H7,801,2
H7,802,2
H7,803,2
H7,804,2
H7,805,2
H7,806,2
H7,807,2
H7,808,1
H7,809,2
H7,810,2
H7,811,2
H7,812,2
H7,813,2
H7,814,2
H7,815,2
H7,816,2
H7,817,2
H7,818,2
H7,819,3
H7,820,2
H7,821,2
H7,822,2
H7,823,2
H7,824,2
H7,825,2
H7,826,2
H7,827,3
H7,828,2
H7,829,2
H7,830,2
H7,831,2
H7,832,3
H7,833,3
H7,834,3
H7,835,3
H7,836,3
H7,837,3
H7,838,3
H7,839,2
H7,840,2
H7,841,2
H7,842,2
H7,843,2
H7,844,2
H7,845,3
H7,846,3
H7,847,3
H7,848,2
H7,849,1
H7,850,4
H7,851,2
H7,852,2
H7,853,2
H7,854,2
H7,855,3
H7,856,2
H7,857,2
H7,858,2
H7,859,2
H7,860,2
H7,861,2
H7,862,2
H7,863,2
H7,864,2
H7,865,2
H7,866,2
H7,867,2
H7,868,2
H7,869,2
H7,870,2
H7,871,2
H7,872,0
H7,873,2
H7,874,2
H7,875,2
H7,876,2
H7,877,2
H7,878,2
H7,879,2
H7,880,2
H7,881,3
H7,882,2
H7,883,2
H7,884,3
H7,885,2
H7,886,2
H7,887,2
H7,888,2
H7,889,2
H7,890,2
H7,891,0
H7,892,1
H7,893,2
H7,894,2
H7,895,2
H7,896,2
H7,897,2
H7,898,4
H7,899,2
H7,900,2
H7,901,1
H7,902,2
H7,903,2
H7,904,2
H7,905,2
H7,906,2
H7,907,2
H7,908,2
H7,909,2
H7,910,2
H7,911,2
H7,912,2
H7,913,2
H7,914,2
H7,915,2
H7,916,2
H7,917,2
H7,918,2
H7,919,2
H7,920,2
H7,921,2
H7,922,2
H7,923,3
H7,924,2
H7,925,0
H7,926,1
H7,927,2
H7,928,2
H7,929,2
H7,930,4
H7,931,2
H7,932,2
H7,933,2
H7,934,4
H7,935,4
H7,936,4
H7,937,4
H7,938,4
H7,939,4
H7,940,4
H7,941,4
H7,942,4
H7,943,4
H7,944,4
H7,945,4
H7,946,4
H7,947,4
H7,948,4
H7,949,4
H7,950,4
H7,951,4
H7,952,4
H7,953,4
H7,954,4
H7,955,4
H7,956,4
H7,957,4
H7,958,4
H7,959,4
H7,960,4
H7,961,4
H7,962,4
H7,963,4
H7,964,4
H7,965,4
H7,966,4
H7,967,4
H7,968,4
H7,969,4
H7,970,4
H7,971,4
H7,972,4
H7,973,4
H7,974,4
H7,975,4
H7,976,4
H7,977,4
H7,978,4
H7,979,4
H7,980,4
H7,981,4
H7,982,4
H7,983,4
H7,984,4
H7,985,4
H7,986,4
H7,987,4
H7,988,4
H7,989,4
H7,990,1
H7,991,1
H7,992,1
H7,993,1
H7,994,1
H7,995,4
H7,996,1
H7,997,1
H7,998,1
H7,999,1
H7,1000,1
H7,1001,1
H7,1002,1
H7,1003,1
H7,1004,1
H7,1005,1
H7,1006,1
H7,1007,1
H7,1008,1
H7,1009,1
H7,1010,1
H7,1011,0
H7,1012,1
H7,1013,1
H7,1014,1
H7,1015,1
H7,1016,1
H7,1017,1
H7,1018,1
H7,1019,1
H7,1020,1
H7,1021,1
H7,1022,1
H7,1023,1
H7,1024,1
H7,1025,1
H7,1026,1
H7,1027,1
H7,1028,1
H7,1029,1
H7,1030,1
H7,1031,1
H7,1032,0
H7,1033,0
H7,1034,0
H7,1035,0
H7,1036,0
H7,1037,0
H7,1038,0
H7,1039,0
H7,1040,0
H7,1041,0
H7,1042,0
H7,1043,0
H7,1044,0
H7,1045,0
H7,1046,0
H7,1047,0
H7,1048,0
H7,1049,0
H7,1050,0
H7,1051,0
H7,1052,0
H7,1053,0
H7,1054,0
H7,1055,0
H7,1056,0
H7,1057,0
H7,1058,0
H7,1059,0
H7,1060,0
H7,1061,0
H7,1062,0
H7,1063,0
H7,1064,0
H7,1065,0
H7,1066,0
H8,0,0
H8,1,0
H8,2,0
H8,3,0
H8,4,0
H8,5,0
H8,6,0
H8,7,0
H8,8,0
H8,9,0
H8,10,0
H8,11,0
H8,12,0
H8,13,0
H8,14,0
H8,15,0
H8,16,0
H8,17,0
H8,18,0
H8,19,0
H8,20,0
H8,21,0
H8,22,0
H8,23,0
H8,24,0
H8,25,0
H8,26,0
H8,27,0
H8,28,0
H8,29,0
H8,30,0
H8,31,0
H8,32,0
H8,33,0
H8,34,0
H8,35,0
H8,36,0
H8,37,0
H8,38,0
H8,39,0
H8,40,0
H8,41,0
H8,42,1
H8,43,0
H8,44,0
H8,45,0
H8,46,0
H8,47,0
H8,48,0
H8,49,0
H8,50,0
H8,51,0
H8,52,0
H8,53,0
H8,54,0
H8,55,0
H8,56,0
H8,57,0
H8,58,0
H8,59,0
H8,60,0
H8,61,0
H8,62,0
H8,63,0
H8,64,1
H8,65,0
H8,66,0
H8,67,0
H8,68,0
H8,69,0
H8,70,0
H8,71,0
H8,72,0
H8,73,0
H8,74,0
H8,75,0
H8,76,0
H8,77,0
H8,78,0
H8,79,0
H8,80,0
H8,81,0
H8,82,0
H8,83,0
H8,84,0
H8,85,0
H8,86,0
H8,87,0
H8,88,0
H8,89,0
H8,90,0
H8,91,2
H8,92,2
H8,93,0
H8,94,0
H8,95,0
H8,96,0
H8,97,0
H8,98,0
H8,99,0
H8,100,0
H8,101,0
H8,102,0
H8,103,0
H8,104,0
H8,105,0
H8,106,2
H8,107,2
H8,108,0
H8,109,2
H8,110,0
H8,111,2
H8,112,2
H8,113,2
H8,114,2
H8,115,2
H8,116,2
H8,117,2
H8,118,2
H8,119,2
H8,120,2
H8,121,2
H8,122,2
H8,123,2
H8,124,2
H8,125,2
H8,126,2
H8,127,0
H8,128,2
H8,129,0
H8,130,2
H8,131,0
H8,132,2
H8,133,2
H8,134,2
H8,135,2
H8,136,2
H8,137,2
H8,138,2
H8,139,2
H8,140,2
H8,141,2
H8,142,2
H8,143,2
H8,144,2
H8,145,2
H8,146,2
H8,147,2
H8,148,2
H8,149,2
H8,150,2
H8,151,2
H8,152,2
H8,153,2
H8,154,2
H8,155,2
H8,156,2
H8,157,2
H8,158,2
H8,159,2
H8,160,2
H8,161,2
H8,162,2
H8,163,2
H8,164,2
H8,165,0
H8,166,2
H8,167,2
H8,168,4
H8,169,2
H8,170,2
H8,171,1
H8,172,0
H8,173,2
H8,174,2
H8,175,2
H8,176,2
H8,177,2
H8,178,2
H8,179,2
H8,180,2
H8,181,2
H8,182,2
H8,183,2
H8,184,2
H8,185,4
H8,186,2
H8,187,2
H8,188,4
H8,189,4
H8,190,4
H8,191,4
H8,192,2
H8,193,4
H8,194,4
H8,195,2
H8,196,2
H8,197,4
H8,198,4
H8,199,2
H8,200,2
H8,201,4
H8,202,4
H8,203,4
H8,204,4
H8,205,4
H8,206,4
H8,207,2
H8,208,4
H8,209,4
H8,210,2
H8,211,2
H8,212,2
H8,213,2
H8,214,4
H8,215,1
H8,216,0
H8,217,0
H8,218,0
H8,219,0
H8,220,0
H8,221,0
H8,222,0
H8,223,0
H8,224,1
H8,225,1
H8,226,1
H8,227,0
H8,228,0
H8,229,0
H8,230,0
H8,231,0
H8,232,0
H8,233,1
H8,234,0
H8,235,0
H8,236,1
H8,237,1
H8,238,1
H8,239,1
H8,240,1
H8,241,0
H8,242,1
H8,243,1
H8,244,0
H8,245,4
H8,246,0
H8,247,0
H8,248,1
H8,249,4
H8,250,1
H8,251,4
H8,252,4
H8,253,1
H8,254,4
H8,255,4
H8,256,2
H8,257,1
H8,258,4
H8,259,2
H8,260,2
H8,261,2
H8,262,4
H8,263,4
H8,264,2
H8,265,2
H8,266,4
H8,267,2
H8,268,2
H8,269,2
H8,270,2
H8,271,2
H8,272,2
H8,273,2
H8,274,2
H8,275,2
H8,276,2
H8,277,2
H8,278,2
H8,279,2
H8,280,2
H8,281,2
H8,282,2
H8,283,2
H8,284,3
H8,285,2
H8,286,2
H8,287,2
H8,288,2
H8,289,3
H8,290,2
H8,291,2
H8,292,2
H8,293,2
H8,294,2
H8,295,2
H8,296,2
H8,297,2
H8,298,2
H8,299,3
H8,300,2
H8,301,2
H8,302,2
H8,303,3
H8,304,3
H8,305,2
H8,306,3
H8,307,2
H8,308,3
H8,309,3
H8,310,2
H8,311,3
H8,312,2
H8,313,3
H8,314,2
H8,315,3
H8,316,2
H8,317,3
H8,318,2
H8,319,2
H8,320,2
H8,321,2
H8,322,2
H8,323,2
H8,324,4
H8,325,4
H8,326,4
H8,327,4
H8,328,4
H8,329,4
H8,330,4
H8,331,4
H8,332,4
H8,333,4
H8,334,4
H8,335,4
H8,336,4
H8,337,4
H8,338,4
H8,339,4
H8,340,4
H8,341,4
H8,342,1
H8,343,4
H8,344,4
H8,345,4
H8,346,4
H8,347,4
H8,348,1
H8,349,4
H8,350,1
H8,351,4
H8,352,4
H8,353,4
H8,354,4
H8,355,4
H8,356,4
H8,357,1
H8,358,4
H8,359,4
H8,360,4
H8,361,4
H8,362,4
H8,363,4
H8,364,4
H8,365,4
H8,366,4
H8,367,4
H8,368,1
H8,369,4
H8,370,4
H8,371,2
H8,372,4
H8,373,4
H8,374,1
H8,375,1
H8,376,1
H8,377,2
H8,378,1
H8,379,2
H8,380,2
H8,381,0
H8,382,0
H8,383,4
H8,384,0
H8,385,0
H8,386,0
H8,387,4
H8,388,0
H8,389,1
H8,390,0
H8,391,0
H8,392,0
H8,393,0
H8,394,0
H8,395,0
H8,396,1
H8,397,0
H8,398,1
H8,399,1
H8,400,1
H8,401,1
H8,402,4
H8,403,4
H8,404,1
H8,405,1
H8,406,4
H8,407,4
H8,408,4
H8,409,4
H8,410,4
H8,411,4
H8,412,4
H8,413,2
H8,414,1
H8,415,4
H8,416,1
H8,417,4
H8,418,4
H8,419,2
H8,420,2
H8,421,1
H8,422,4
H8,423,2
H8,424,2
H8,425,2
H8,426,2
H8,427,2
H8,428,2
H8,429,2
H8,430,2
H8,431,2
H8,432,2
H8,433,2
H8,434,2
H8,435,2
H8,436,2
H8,437,2
H8,438,2
H8,439,1
H8,440,2
H8,441,1
H8,442,1
H8,443,1
H8,444,1
H8,445,1
H8,446,4
H8,447,2
H8,448,1
H8,449,2
H8,450,2
H8,451,2
H8,452,1
H8,453,1
H8,454,1
H8,455,1
H8,456,4
H8,457,2
H8,458,1
H8,459,2
H8,460,4
H8,461,2
H8,462,2
H8,463,2
H8,464,2
H8,465,2
H8,466,2
H8,467,2
H8,468,2
H8,469,2
H8,470,2
H8,471,2
H8,472,2
H8,473,2
H8,474,3
H8,475,4
H8,476,3
H8,477,1
H8,478,4
H8,479,2
H8,480,2
H8,481,1
H8,482,2
H8,483,1
H8,484,2
H8,485,2
H8,486,2
H8,487,2
H8,488,1
H8,489,2
H8,490,2
H8,491,2
H8,492,2
H8,493,2
H8,494,2
H8,495,2
H8,496,2
H8,497,2
H8,498,2
H8,499,2
H8,500,2
H8,501,2
H8,502,2
H8,503,2
H8,504,2
H8,505,3
H8,506,2
H8,507,2
H8,508,2
H8,509,2
H8,510,2
H8,511,2
H8,512,2
H8,513,2
H8,514,2
H8,515,2
H8,516,2
H8,517,2
H8,518,2
H8,519,2
H8,520,2
H8,521,2
H8,522,2
H8,523,3
H8,524,2
H8,525,3
H8,526,2
H8,527,3
H8,528,2
H8,529,3
H8,530,3
H8,531,3
H8,532,4
H8,533,4
H8,534,2
H8,535,2
H8,536,2
H8,537,1
H8,538,2
H8,539,2
H8,540,2
H8,541,1
H8,542,1
H8,543,2
H8,544,4
H8,545,0
H8,546,0
H8,547,0
H8,548,0
H8,549,0
H8,550,0
H8,551,0
H8,552,2
H8,553,0
H8,554,1
H8,555,1
H8,556,0
H8,557,1
H8,558,0
H8,559,1
H8,560,1
H8,561,1
H8,562,1
H8,563,1
H8,564,1
H8,565,4
H8,566,1
H8,567,1
H8,568,1
H8,569,4
H8,570,1
H8,571,4
H8,572,4
H8,573,4
H8,574,2
H8,575,1
H8,576,1
H8,577,1
H8,578,1
H8,579,1
H8,580,2
H8,581,1
H8,582,1
H8,583,1
H8,584,1
H8,585,1
H8,586,4
H8,587,1
H8,588,1
H8,589,1
H8,590,1
H8,591,1
H8,592,4
H8,593,1
H8,594,1
H8,595,4
H8,596,2
H8,597,4
H8,598,4
H8,599,4
H8,600,2
H8,601,1
H8,602,2
H8,603,1
H8,604,1
H8,605,2
H8,606,1
H8,607,1
H8,608,1
H8,609,1
H8,610,1
H8,611,1
H8,612,4
H8,613,1
H8,614,2
H8,615,1
H8,616,4
H8,617,1
H8,618,4
H8,619,0
H8,620,1
H8,621,1
H8,622,2
H8,623,4
H8,624,4
H8,625,4
H8,626,2
H8,627,4
H8,628,2
H8,629,4
H8,630,4
H8,631,4
H8,632,4
H8,633,1
H8,634,1
H8,635,4
H8,636,1
H8,637,4
H8,638,1
H8,639,1
H8,640,4
H8,641,4
H8,642,4
H8,643,4
H8,644,4
H8,645,4
H8,646,4
H8,647,4
H8,648,4
H8,649,4
H8,650,4
H8,651,4
H8,652,4
H8,653,4
H8,654,4
H8,655,4
H8,656,4
H8,657,4
H8,658,4
H8,659,4
H8,660,4
H8,661,4
H8,662,4
H8,663,4
H8,664,4
H8,665,4
H8,666,4
H8,667,1
H8,668,4
H8,669,4
H8,670,4
H8,671,4
H8,672,4
H8,673,4
H8,674,4
H8,675,4
H8,676,4
H8,677,4
H8,678,1
H8,679,4
H8,680,4
H8,681,4
H8,682,4
H8,683,4
H8,684,4
H8,685,4
H8,686,4
H8,687,4
H8,688,4
H8,689,4
H8,690,4
H8,691,4
H8,692,4
H8,693,4
H8,694,4
H8,695,1
H8,696,4
H8,697,4
H8,698,1
H8,699,4
H8,700,1
H8,701,1
H8,702,0
H8,703,1
H8,704,0
H8,705,1
H8,706,0
H8,707,0
H8,708,4
H8,709,0
H8,710,0
H8,711,0
H8,712,0
H8,713,1
H8,714,4
H8,715,1
H8,716,0
H8,717,0
H8,718,1
H8,719,0
H8,720,0
H8,721,1
H8,722,1
H8,723,0
H8,724,1
H8,725,1
H8,726,4
H8,727,1
H8,728,0
H8,729,4
H8,730,4
H8,731,1
H8,732,4
H8,733,4
H8,734,4
H8,735,4
H8,736,4
H8,737,4
H8,738,4
H8,739,1
H8,740,4
H8,741,4
H8,742,4
H8,743,4
H8,744,4
H8,745,1
H8,746,2
H8,747,4
H8,748,4
H8,749,4
H8,750,4
H8,751,0
H8,752,4
H8,753,4
H8,754,4
H8,755,4
H8,756,4
H8,757,4
H8,758,4
H8,759,4
H8,760,4
H8,761,4
H8,762,4
H8,763,4
H8,764,4
H8,765,4
H8,766,4
H8,767,4
H8,768,4
H8,769,4
H8,770,4
H8,771,4
H8,772,4
H8,773,1
H8,774,0
H8,775,4
H8,776,4
H8,777,2
H8,778,4
H8,779,4
H8,780,4
H8,781,4
H8,782,4
H8,783,2
H8,784,2
H8,785,4
H8,786,2
H8,787,4
H8,788,4
H8,789,2
H8,790,2
H8,791,2
H8,792,2
H8,793,2
H8,794,2
H8,795,2
H8,796,2
H8,797,4
H8,798,2
H8,799,2
H8,800,2
H8,801,2
H8,802,2
H8,803,2
H8,804,2
H8,805,2
H8,806,2
H8,807,2
H8,808,2
H8,809,2
H8,810,2
H8,811,2
H8,812,2
H8,813,2
H8,814,2
H8,815,2
H8,816,2
H8,817,2
H8,818,2
H8,819,2
H8,820,2
H8,821,2
H8,822,2
H8,823,2
H8,824,3
H8,825,2
H8,826,2
H8,827,4
H8,828,4
H8,829,4
H8,830,4
H8,831,2
H8,832,2
H8,833,4
H8,834,4
H8,835,2
H8,836,4
H8,837,4
H8,838,2
H8,839,4
H8,840,4
H8,841,4
H8,842,0
H8,843,0
H8,844,2
H8,845,2
H8,846,2
H8,847,2
H8,848,2
H8,849,2
H8,850,2
H8,851,4
H8,852,4
H8,853,4
H8,854,0
H8,855,0
H8,856,0
H8,857,2
H8,858,2
H8,859,0
H8,860,2
H8,861,0
H8,862,2
H8,863,2
H8,864,0
H8,865,1
H8,866,0
H8,867,4
H8,868,0
H8,869,2
H8,870,0
H8,871,0
H8,872,0
H8,873,0
H8,874,0
H8,875,0
H8,876,0
H8,877,0
H8,878,0
H8,879,0
H8,880,0
H8,881,0
H8,882,0
H8,883,0
H8,884,0
H8,885,0
H8,886,2
H8,887,0
H8,888,0
H8,889,2
H8,890,0
H8,891,0
H8,892,0
H8,893,0
H8,894,0
H8,895,4
H8,896,0
H8,897,4
H8,898,0
H8,899,0
H8,900,0
H8,901,4
H8,902,0
H8,903,4
H8,904,0
H8,905,0
H8,906,0
H8,907,0
H8,908,0
H8,909,0
H8,910,0
H8,911,0
H8,912,0
H8,913,0
H8,914,0
H8,915,0
H8,916,1
H8,917,0
H8,918,0
H8,919,0
H8,920,0
H8,921,1
H8,922,0
H8,923,0
H8,924,0
H8,925,0
H8,926,0
H8,927,0
H8,928,0
H8,929,0
H8,930,0
H8,931,0
H8,932,1
H8,933,0
H8,934,0
H8,935,0
H8,936,0
H8,937,0
H8,938,0
H8,939,0
H8,940,0
H8,941,0
H8,942,0
H8,943,0
H8,944,0
H8,945,0
H8,946,0
H8,947,0
H8,948,0
H8,949,0
H8,950,0
H8,951,0
H8,952,0
H8,953,0
H8,954,0
H8,955,0
H8,956,0
H8,957,0
H8,958,0
H8,959,0
H8,960,0
H8,961,0
H8,962,0
H8,963,0
H8,964,0
H8,965,0
H8,966,0
H8,967,0
H8,968,0
H8,969,0
H8,970,0
H8,971,0
H8,972,0
H8,973,0
H8,974,0
H8,975,0
H8,976,0
H8,977,0
H8,978,0
H8,979,0
H8,980,4
H8,981,0
H8,982,0
H8,983,0
H8,984,0
H8,985,0
H8,986,0
H8,987,0
H8,988,0
H8,989,0
H8,990,0
H8,991,0
H8,992,0
H8,993,0
H8,994,0
H8,995,0
H8,996,0
H8,997,0
H8,998,0
H8,999,0
H8,1000,0
H8,1001,0
H8,1002,0
H8,1003,0
H8,1004,0
H8,1005,0
H8,1006,0
H8,1007,0
H8,1008,0
H8,1009,0
H8,1010,0
H8,1011,0
H8,1012,0
H8,1013,0
H8,1014,0
H8,1015,0
H8,1016,0
H8,1017,0
H8,1018,0
H8,1019,0
H8,1020,0
H8,1021,0
H8,1022,0
H8,1023,0
H8,1024,0
H8,1025,0
H8,1026,0
H8,1027,0
H8,1028,0
H8,1029,0
H8,1030,0
H8,1031,0
H8,1032,0
H8,1033,0
H8,1034,0
H8,1035,0
H8,1036,0
H8,1037,0
H8,1038,0
H8,1039,0
H8,1040,0
H8,1041,0
H8,1042,0
H8,1043,0
H8,1044,0
H8,1045,0
H8,1046,0
H8,1047,0
H8,1048,0
H8,1049,0
H8,1050,0
H8,1051,0
H8,1052,0
H8,1053,0
H8,1054,0
H8,1055,0
H8,1056,0
H8,1057,0
H8,1058,0
H8,1059,0
H8,1060,0
H8,1061,0
H8,1062,0
H8,1063,0
H8,1064,0
H8,1065,0
H9,0,0
H9,1,0
H9,2,0
H9,3,0
H9,4,0
H9,5,1
H9,6,0
H9,7,0
H9,8,0
H9,9,0
H9,10,4
H9,11,0
H9,12,0
H9,13,0
H9,14,0
H9,15,0
H9,16,0
H9,17,0
H9,18,0
H9,19,0
H9,20,0
H9,21,0
H9,22,0
H9,23,0
H9,24,0
H9,25,0
H9,26,0
H9,27,0
H9,28,0
H9,29,0
H9,30,0
H9,31,0
H9,32,0
H9,33,0
H9,34,0
H9,35,0
H9,36,0
H9,37,0
H9,38,0
H9,39,0
H9,40,0
H9,41,0
H9,42,0
H9,43,0
H9,44,0
H9,45,0
H9,46,0
H9,47,4
H9,48,0
H9,49,0
H9,50,0
H9,51,0
H9,52,0
H9,53,0
H9,54,0
H9,55,0
H9,56,0
H9,57,0
H9,58,0
H9,59,4
H9,60,4
H9,61,4
H9,62,0
H9,63,0
H9,64,0
H9,65,0
H9,66,0
H9,67,0
H9,68,4
H9,69,0
H9,70,0
H9,71,0
H9,72,0
H9,73,0
H9,74,0
H9,75,0
H9,76,0
H9,77,0
H9,78,0
H9,79,0
H9,80,0
H9,81,0
H9,82,0
H9,83,0
H9,84,0
H9,85,0
H9,86,0
H9,87,0
H9,88,0
H9,89,0
H9,90,0
H9,91,0
H9,92,0
H9,93,0
H9,94,0
H9,95,0
H9,96,0
H9,97,0
H9,98,0
H9,99,0
H9,100,0
H9,101,0
H9,102,0
H9,103,0
H9,104,0
H9,105,0
H9,106,0
H9,107,0
H9,108,0
H9,109,0
H9,110,0
H9,111,0
H9,112,0
H9,113,0
H9,114,0
H9,115,0
H9,116,0
H9,117,0
H9,118,0
H9,119,0
H9,120,0
H9,121,0
H9,122,0
H9,123,0
H9,124,0
H9,125,0
H9,126,0
H9,127,0
H9,128,0
H9,129,0
H9,130,1
H9,131,0
H9,132,0
H9,133,0
H9,134,0
H9,135,0
H9,136,0
H9,137,0
H9,138,0
H9,139,0
H9,140,0
H9,141,0
H9,142,0
H9,143,0
H9,144,0
H9,145,0
H9,146,0
H9,147,0
H9,148,0
H9,149,0
H9,150,0
H9,151,0
H9,152,0
H9,153,0
H9,154,0
H9,155,0
H9,156,0
H9,157,0
H9,158,0
H9,159,0
H9,160,0
H9,161,0
H9,162,0
H9,163,0
H9,164,0
H9,165,0
H9,166,0
H9,167,0
H9,168,0
H9,169,0
H9,170,0
H9,171,0
H9,172,0
H9,173,0
H9,174,0
H9,175,0
H9,176,0
H9,177,0
H9,178,0
H9,179,0
H9,180,0
H9,181,0
H9,182,0
H9,183,0
H9,184,0
H9,185,0
H9,186,0
H9,187,0
H9,188,0
H9,189,0
H9,190,0
H9,191,0
H9,192,0
H9,193,0
H9,194,0
H9,195,0
H9,196,0
H9,197,0
H9,198,0
H9,199,0
H9,200,0
H9,201,0
H9,202,0
H9,203,0
H9,204,0
H9,205,0
H9,206,0
H9,207,0
H9,208,0
H9,209,0
H9,210,0
H9,211,0
H9,212,0
H9,213,0
H9,214,0
H9,215,0
H9,216,0
H9,217,0
H9,218,0
H9,219,0
H9,220,0
H9,221,0
H9,222,0
H9,223,0
H9,224,0
H9,225,0
H9,226,0
H9,227,0
H9,228,0
H9,229,0
H9,230,0
H9,231,0
H9,232,0
H9,233,0
H9,234,0
H9,235,0
H9,236,0
H9,237,0
H9,238,0
H9,239,0
H9,240,0
H9,241,0
H9,242,0
H9,243,0
H9,244,0
H9,245,0
H9,246,0
H9,247,0
H9,248,0
H9,249,0
H9,250,0
H9,251,0
H9,252,0
H9,253,0
H9,254,0
H9,255,0
H9,256,0
H9,257,0
H9,258,0
H9,259,0
H9,260,0
H9,261,0
H9,262,0
H9,263,0
H9,264,0
H9,265,0
H9,266,0
H9,267,0
H9,268,0
H9,269,0
H9,270,0
H9,271,0
H9,272,0
H9,273,0
H9,274,0
H9,275,0
H9,276,0
H9,277,0
H9,278,0
H9,279,0
H9,280,0
H9,281,0
H9,282,0
H9,283,0
H9,284,0
H9,285,0
H9,286,0
H9,287,0
H9,288,0
H9,289,0
H9,290,0
H9,291,4
H9,292,4
H9,293,4
H9,294,4
H9,295,4
H9,296,1
H9,297,4
H9,298,4
H9,299,4
H9,300,1
H9,301,4
H9,302,0
H9,303,4
H9,304,4
H9,305,4
H9,306,4
H9,307,4
H9,308,4
H9,309,4
H9,310,4
H9,311,4
H9,312,4
H9,313,4
H9,314,4
H9,315,1
H9,316,4
H9,317,4
H9,318,1
H9,319,4
H9,320,4
H9,321,4
H9,322,1
H9,323,4
H9,324,4
H9,325,4
H9,326,4
H9,327,2
H9,328,2
H9,329,0
H9,330,0
H9,331,4
H9,332,1
H9,333,4
H9,334,2
H9,335,4
H9,336,2
H9,337,2
H9,338,3
H9,339,4
H9,340,3
H9,341,2
H9,342,2
H9,343,3
H9,344,2
H9,345,3
H9,346,3
H9,347,2
H9,348,2
H9,349,3
H9,350,3
H9,351,3
H9,352,3
H9,353,3
H9,354,3
H9,355,3
H9,356,3
H9,357,3
H9,358,3
H9,359,3
H9,360,3
H9,361,3
H9,362,3
H9,363,3
H9,364,3
H9,365,3
H9,366,3
H9,367,3
H9,368,3
H9,369,3
H9,370,3
H9,371,3
H9,372,3
H9,373,3
H9,374,3
H9,375,3
H9,376,3
H9,377,3
H9,378,3
H9,379,3
H9,380,3
H9,381,3
H9,382,3
H9,383,4
H9,384,3
H9,385,4
H9,386,1
H9,387,4
H9,388,4
H9,389,4
H9,390,4
H9,391,1
H9,392,4
H9,393,2
H9,394,4
H9,395,4
H9,396,4
H9,397,4
H9,398,4
H9,399,4
H9,400,4
H9,401,4
H9,402,4
H9,403,4
H9,404,1
H9,405,4
H9,406,4
H9,407,4
H9,408,4
H9,409,4
H9,410,4
H9,411,4
H9,412,4
H9,413,4
H9,414,4
H9,415,4
H9,416,4
H9,417,0
H9,418,4
H9,419,4
H9,420,4
H9,421,4
H9,422,1
H9,423,4
H9,424,4
H9,425,3
H9,426,4
H9,427,4
H9,428,2
H9,429,2
H9,430,2
H9,431,4
H9,432,2
H9,433,2
H9,434,0
H9,435,2
H9,436,4
H9,437,4
H9,438,2
H9,439,4
H9,440,4
H9,441,2
H9,442,3
H9,443,4
H9,444,0
H9,445,4
H9,446,4
H9,447,2
H9,448,2
H9,449,4
H9,450,2
H9,451,3
H9,452,3
H9,453,2
H9,454,3
H9,455,3
H9,456,3
H9,457,3
H9,458,2
H9,459,4
H9,460,1
H9,461,4
H9,462,2
H9,463,4
H9,464,3
H9,465,2
H9,466,3
H9,467,2
H9,468,3
H9,469,3
H9,470,3
H9,471,3
H9,472,3
H9,473,3
H9,474,3
H9,475,3
H9,476,3
H9,477,3
H9,478,3
H9,479,3
H9,480,3
H9,481,3
H9,482,3
H9,483,3
H9,484,3
H9,485,3
H9,486,3
H9,487,3
H9,488,3
H9,489,3
H9,490,3
H9,491,2
H9,492,0
H9,493,3
H9,494,3
H9,495,3
H9,496,3
H9,497,3
H9,498,3
H9,499,3
H9,500,3
H9,501,3
H9,502,3
H9,503,3
H9,504,3
H9,505,3
H9,506,3
H9,507,3
H9,508,3
H9,509,3
H9,510,3
H9,511,3
H9,512,3
H9,513,3
H9,514,3
H9,515,3
H9,516,3
H9,517,3
H9,518,3
H9,519,3
H9,520,3
H9,521,3
H9,522,3
H9,523,3
H9,524,3
H9,525,3
H9,526,2
H9,527,4
H9,528,4
H9,529,4
H9,530,4
H9,531,4
H9,532,4
H9,533,4
H9,534,0
H9,535,4
H9,536,4
H9,537,4
H9,538,4
H9,539,4
H9,540,4
H9,541,4
H9,542,4
H9,543,4
H9,544,4
H9,545,4
H9,546,4
H9,547,4
H9,548,4
H9,549,4
H9,550,4
H9,551,4
H9,552,0
H9,553,4
H9,554,4
H9,555,4
H9,556,4
H9,557,4
H9,558,4
H9,559,0
H9,560,4
H9,561,4
H9,562,4
H9,563,4
H9,564,4
H9,565,4
H9,566,4
H9,567,2
H9,568,4
H9,569,4
H9,570,4
H9,571,2
H9,572,4
H9,573,2
H9,574,2
H9,575,4
H9,576,4
H9,577,1
H9,578,2
H9,579,2
H9,580,2
H9,581,4
H9,582,3
H9,583,4
H9,584,3
H9,585,4
H9,586,2
H9,587,4
H9,588,4
H9,589,2
H9,590,3
H9,591,4
H9,592,2
H9,593,4
H9,594,2
H9,595,3
H9,596,3
H9,597,4
H9,598,3
H9,599,4
H9,600,4
H9,601,2
H9,602,3
H9,603,4
H9,604,2
H9,605,2
H9,606,4
H9,607,3
H9,608,2
H9,609,4
H9,610,3
H9,611,2
H9,612,2
H9,613,3
H9,614,2
H9,615,3
H9,616,4
H9,617,2
H9,618,3
H9,619,3
H9,620,3
H9,621,2
H9,622,3
H9,623,3
H9,624,3
H9,625,3
H9,626,3
H9,627,2
H9,628,3
H9,629,3
H9,630,3
H9,631,3
H9,632,3
H9,633,3
H9,634,3
H9,635,3
H9,636,3
H9,637,3
H9,638,3
H9,639,3
H9,640,3
H9,641,3
H9,642,3
H9,643,2
H9,644,3
H9,645,3
H9,646,3
H9,647,3
H9,648,3
H9,649,4
H9,650,2
H9,651,4
H9,652,3
H9,653,2
H9,654,3
H9,655,3
H9,656,3
H9,657,3
H9,658,0
H9,659,2
H9,660,2
H9,661,2
H9,662,3
H9,663,3
H9,664,4
H9,665,3
H9,666,2
H9,667,3
H9,668,2
H9,669,2
H9,670,2
H9,671,1
H9,672,4
H9,673,4
H9,674,2
H9,675,4
H9,676,3
H9,677,3
H9,678,4
H9,679,3
H9,680,3
H9,681,4
H9,682,4
H9,683,3
H9,684,4
H9,685,3
H9,686,4
H9,687,2
H9,688,3
H9,689,2
H9,690,3
H9,691,3
H9,692,3
H9,693,3
H9,694,1
H9,695,2
H9,696,2
H9,697,3
H9,698,2
H9,699,4
H9,700,4
H9,701,4
H9,702,4
H9,703,4
H9,704,4
H9,705,4
H9,706,4
H9,707,4
H9,708,4
H9,709,4
H9,710,4
H9,711,4
H9,712,4
H9,713,4
H9,714,4
H9,715,4
H9,716,0
H9,717,4
H9,718,4
H9,719,4
H9,720,4
H9,721,4
H9,722,2
H9,723,2
H9,724,4
H9,725,2
H9,726,4
H9,727,4
H9,728,4
H9,729,4
H9,730,4
H9,731,4
H9,732,4
H9,733,4
H9,734,4
H9,735,1
H9,736,2
H9,737,4
H9,738,4
H9,739,4
H9,740,4
H9,741,2
H9,742,4
H9,743,4
H9,744,4
H9,745,4
H9,746,4
H9,747,4
H9,748,4
H9,749,4
H9,750,2
H9,751,4
H9,752,2
H9,753,4
H9,754,4
H9,755,4
H9,756,4
H9,757,0
H9,758,1
H9,759,4
H9,760,4
H9,761,4
H9,762,4
H9,763,4
H9,764,4
H9,765,3
H9,766,4
H9,767,4
H9,768,4
H9,769,4
H9,770,4
H9,771,4
H9,772,4
H9,773,2
H9,774,4
H9,775,4
H9,776,4
H9,777,2
H9,778,2
H9,779,2
H9,780,2
H9,781,2
H9,782,2
H9,783,3
H9,784,3
H9,785,3
H9,786,3
H9,787,3
H9,788,2
H9,789,3
H9,790,3
H9,791,3
H9,792,3
H9,793,3
H9,794,3
H9,795,3
H9,796,3
H9,797,3
H9,798,3
H9,799,3
H9,800,3
H9,801,3
H9,802,3
H9,803,3
H9,804,3
H9,805,3
H9,806,3
H9,807,3
H9,808,3
H9,809,3
H9,810,3
H9,811,4
H9,812,3
H9,813,3
H9,814,2
H9,815,4
H9,816,3
H9,817,2
H9,818,3
H9,819,2
H9,820,4
H9,821,4
H9,822,2
H9,823,3
H9,824,3
H9,825,3
H9,826,3
H9,827,3
H9,828,3
H9,829,3
H9,830,3
H9,831,3
H9,832,3
H9,833,3
H9,834,3
H9,835,3
H9,836,3
H9,837,3
H9,838,3
H9,839,3
H9,840,3
H9,841,3
H9,842,3
H9,843,3
H9,844,4
H9,845,4
H9,846,4
H9,847,4
H9,848,1
H9,849,4
H9,850,4
H9,851,4
H9,852,4
H9,853,4
H9,854,1
H9,855,0
H9,856,4
H9,857,4
H9,858,4
H9,859,4
H9,860,2
H9,861,4
H9,862,4
H9,863,0
H9,864,4
H9,865,2
H9,866,4
H9,867,2
H9,868,4
H9,869,4
H9,870,0
H9,871,4
H9,872,2
H9,873,2
H9,874,4
H9,875,4
H9,876,4
H9,877,4
H9,878,4
H9,879,4
H9,880,3
H9,881,4
H9,882,4
H9,883,4
H9,884,2
H9,885,4
H9,886,4
H9,887,3
H9,888,2
H9,889,4
H9,890,4
H9,891,2
H9,892,4
H9,893,3
H9,894,4
H9,895,4
H9,896,4
H9,897,4
H9,898,4
H9,899,4
H9,900,4
H9,901,3
H9,902,2
H9,903,4
H9,904,2
H9,905,4
H9,906,2
H9,907,3
H9,908,2
H9,909,0
H9,910,0
H9,911,0
H9,912,0
H9,913,0
H9,914,0
H9,915,0
H9,916,0
H9,917,0
H9,918,1
H9,919,1
H9,920,1
H9,921,1
H9,922,4
H9,923,4
H9,924,4
H9,925,4
H9,926,4
H9,927,4
H9,928,4
H9,929,4
H9,930,4
H9,931,2
H9,932,4
H9,933,4
H9,934,4
H9,935,2
H9,936,2
H9,937,4
H9,938,2
H9,939,2
H9,940,4
H9,941,4
H9,942,0
H9,943,4
H9,944,4
H9,945,4
H9,946,4
H9,947,0
H9,948,4
H9,949,4
H9,950,4
H9,951,4
H9,952,4
H9,953,2
H9,954,4
H9,955,4
H9,956,2
H9,957,4
H9,958,0
H9,959,4
H9,960,2
H9,961,4
H9,962,2
H9,963,4
H9,964,2
H9,965,4
H9,966,3
H9,967,2
H9,968,1
H9,969,4
H9,970,2
H9,971,4
H9,972,4
H9,973,4
H9,974,3
H9,975,4
H9,976,4
H9,977,0
H9,978,2
H9,979,4
H9,980,1
H9,981,4
H9,982,4
H9,983,4
H9,984,4
H9,985,4
H9,986,3
H9,987,4
H9,988,4
H9,989,4
H9,990,4
H9,991,4
H9,992,0
H9,993,4
H9,994,4
H9,995,4
H9,996,4
H9,997,4
H9,998,0
H9,999,4
H9,1000,0
H9,1001,4
H9,1002,4
H9,1003,4
H9,1004,4
H9,1005,4
H9,1006,1
H9,1007,4
H9,1008,4
H9,1009,4
H9,1010,0
H9,1011,4
H9,1012,0
H9,1013,0
H9,1014,4
H9,1015,4
H9,1016,4
H9,1017,4
H9,1018,4
H9,1019,4
H9,1020,4
H9,1021,4
H9,1022,4
H9,1023,4
H9,1024,4
H9,1025,1
H9,1026,4
H9,1027,4
H9,1028,4
H9,1029,2
H9,1030,4
H9,1031,4
H9,1032,4
H9,1033,4
H9,1034,0
H9,1035,4
H9,1036,4
H9,1037,2
H9,1038,4
H9,1039,4
H9,1040,4
H9,1041,4
H9,1042,4
H9,1043,4
H9,1044,4
H9,1045,4
H9,1046,4
H9,1047,4
H9,1048,4
H9,1049,4
H9,1050,4
H9,1051,2
H9,1052,4
H9,1053,2
H9,1054,0
H9,1055,4
H9,1056,4
H9,1057,4
H9,1058,4
H9,1059,4
H9,1060,4
H9,1061,4
H9,1062,2
H9,1063,4
H9,1064,4
H9,1065,2
H9,1066,2
H9,1067,3
